workload	winograd	winograd_nnptx
(1, 64, 224, 64)	24.14653153	12.96144518
(1, 64, 112, 128)	4.982862379999999	10.478365810000001
(1, 128, 112, 128)	9.89914481	20.31164075
(1, 128, 56, 256)	18.76070459	19.356819899999998
(1, 256, 56, 256)	36.44082426000001	38.243377679999995
(1, 256, 28, 512)	11.54090536	13.88426881
(1, 512, 28, 512)	22.92586242	27.72663056
(1, 512, 14, 512)	48.27169916	15.707449419999998
