workload	winograd	winograd_nnptx
(1, 64, 224, 64)	1.3265836899999999	0.50909013
(1, 64, 112, 128)	0.32615064	0.24869371
(1, 128, 112, 128)	0.5044534700000001	0.37811661
(1, 128, 56, 256)	0.32001226	0.22089129
(1, 256, 56, 256)	0.5646325099999999	0.34210967000000003
(1, 256, 28, 512)	0.44299285	0.27293497
(1, 512, 28, 512)	0.8607364100000001	0.5238654899999999
(1, 512, 14, 512)	0.62569075	0.28819003
