workload	winograd	winograd_nnptx
(1, 64, 224, 64)	0.5216970599999999	0.51108909
(1, 64, 112, 128)	0.22718718999999998	0.22097219
(1, 128, 112, 128)	0.40353426	0.39011081000000003
(1, 128, 56, 256)	0.24557727999999998	0.21649121999999998
(1, 256, 56, 256)	0.45998134	0.37731491999999994
(1, 256, 28, 512)	0.2635208	0.24275217000000002
(1, 512, 28, 512)	0.5940403400000001	0.46972487
(1, 512, 14, 512)	0.14860474	0.20591779
