workload	winograd	winograd_nnptx
(1, 64, 224, 64)	0.43291665	0.45016277
(1, 64, 112, 128)	0.35350948	0.24091925
(1, 128, 112, 128)	0.56334424	0.35679556
(1, 128, 56, 256)	0.35085922999999997	0.20069325
(1, 256, 56, 256)	0.63132833	0.32835561999999996
(1, 256, 28, 512)	0.33900597	0.18468102
(1, 512, 28, 512)	0.6416205199999999	0.32748212
(1, 512, 14, 512)	0.45350519	0.22028145999999998
