workload	winograd	winograd_nnptx
(1, 64, 224, 64)	0.76063147	0.5664267
(1, 64, 112, 128)	0.28687071999999997	0.24515209000000002
(1, 128, 112, 128)	0.46463317	0.38815352999999997
(1, 128, 56, 256)	0.28819648999999997	0.20984634
(1, 256, 56, 256)	0.52552362	0.36632646999999996
(1, 256, 28, 512)	0.19402506	0.19824142
(1, 512, 28, 512)	0.35469296	0.37613319999999995
(1, 512, 14, 512)	0.33859897	0.15209301
