workload	winograd	winograd_nnptx
(1, 64, 224, 64)	224.92508776	232.67413551
(1, 64, 112, 128)	171.08011776	328.56774579999995
(1, 128, 112, 128)	337.19166069000005	651.7103037200001
(1, 128, 56, 256)	171.45324509000002	334.31777623000005
(1, 256, 56, 256)	344.76518308000004	665.92712917
(1, 256, 28, 512)	170.15769375	340.89497364000005
(1, 512, 28, 512)	339.00536687	679.53873056
(1, 512, 14, 512)	115.97471106	273.45789695
