workload	winograd	winograd_nnptx
(1, 64, 224, 64)	1.74909942	1.80372152
(1, 64, 112, 128)	0.80727202	0.83995561
(1, 128, 112, 128)	1.45881176	1.5692450799999997
(1, 128, 56, 256)	0.70820693	0.75806893
(1, 256, 56, 256)	1.3393054	1.3526646000000002
(1, 256, 28, 512)	0.91559393	0.79312939
(1, 512, 28, 512)	1.74987239	1.5342599000000001
(1, 512, 14, 512)	0.65540821	0.57444744
