workload	winograd	winograd_nnptx
(1, 64, 224, 64)	80.42042921000001	70.48846408000001
(1, 64, 112, 128)	40.12978158	35.21776149
(1, 128, 112, 128)	80.51212050000001	69.28680557999999
(1, 128, 56, 256)	40.208960649999995	34.630409969999995
(1, 256, 56, 256)	80.40299493999999	69.21462711
(1, 256, 28, 512)	45.6260859	44.19860174
(1, 512, 28, 512)	91.92621245000001	89.22296268000001
(1, 512, 14, 512)	23.297778960000002	22.31242517
