workload	winograd	winograd_nnptx
(1, 64, 224, 64)	0.84126702	0.7446766100000001
(1, 64, 112, 128)	0.39712048	0.34306671
(1, 128, 112, 128)	0.71394571	0.61981489
(1, 128, 56, 256)	0.35325804	0.31839696
(1, 256, 56, 256)	0.66331416	0.5692208200000001
(1, 256, 28, 512)	0.53760739	0.46572062
(1, 512, 28, 512)	1.04694638	0.90699865
(1, 512, 14, 512)	0.55330989	0.52469178
