workload	winograd	winograd_nnptx
(1, 64, 224, 64)	1.22539843	0.60512345
(1, 64, 112, 128)	0.6983437100000001	6.706269849999999
(1, 128, 112, 128)	1.1263612	13.09525118
(1, 128, 56, 256)	0.56891107	7.0278820699999995
(1, 256, 56, 256)	1.04571394	13.851365040000001
(1, 256, 28, 512)	0.47437190999999995	1.2169441300000001
(1, 512, 28, 512)	0.87130873	2.51480142
(1, 512, 14, 512)	1.87662534	0.32795348
