workload	winograd	winograd_nnptx
(1, 64, 224, 64)	3.4343350900000003	3.48374809
(1, 64, 112, 128)	1.4411843299999998	1.46955716
(1, 128, 112, 128)	2.3036339100000003	2.3947898100000002
(1, 128, 56, 256)	1.0200314000000001	1.0725381600000001
(1, 256, 56, 256)	1.76269159	1.76161026
(1, 256, 28, 512)	1.05932588	0.9552937899999999
(1, 512, 28, 512)	1.9651766599999998	1.7535746099999998
(1, 512, 14, 512)	0.71058172	0.63436254
