workload	winograd	winograd_nnptx
(1, 64, 224, 64)	18.70502829	28.376550360000003
(1, 64, 112, 128)	11.775759180000001	17.40569023
(1, 128, 112, 128)	21.45022418	23.508625310000003
(1, 128, 56, 256)	10.630415769999999	11.93259201
(1, 256, 56, 256)	21.377046229999998	23.874824000000004
(1, 256, 28, 512)	10.85418721	12.181681919999999
(1, 512, 28, 512)	21.87375738	24.774759590000002
(1, 512, 14, 512)	10.360723629999999	11.62877499
