workload	winograd	winograd_nnptx
(1, 64, 224, 64)	0.53165568	0.66699715
(1, 64, 112, 128)	0.23081448000000002	0.30125971
(1, 128, 112, 128)	0.39816096	0.53857948
(1, 128, 56, 256)	0.35536391	0.31620614999999996
(1, 256, 56, 256)	0.66903188	0.57018172
(1, 256, 28, 512)	0.37136647	0.30604192999999996
(1, 512, 28, 512)	0.7166716200000001	0.59417183
(1, 512, 14, 512)	0.20908525	0.19819858999999998
