workload	winograd	winograd_nnptx
(1, 64, 224, 64)	3.4363496999999996	3.9571464999999995
(1, 64, 112, 128)	1.4379014200000002	1.69684484
(1, 128, 112, 128)	2.27487455	2.78059013
(1, 128, 56, 256)	0.9998804299999999	1.27460242
(1, 256, 56, 256)	1.7003788100000001	2.19876891
(1, 256, 28, 512)	1.18221253	1.0815762299999998
(1, 512, 28, 512)	2.2170509199999997	2.00288616
(1, 512, 14, 512)	0.74603449	0.7263730999999999
