workload	winograd	winograd_nnptx
(1, 64, 224, 64)	1.5089427899999999	1.53882452
(1, 64, 112, 128)	0.68996236	0.7193334399999999
(1, 128, 112, 128)	1.3172467700000001	1.3757566600000002
(1, 128, 56, 256)	0.87057163	1.08957342
(1, 256, 56, 256)	1.7513369600000002	1.85984887
(1, 256, 28, 512)	1.16497651	1.1754885
(1, 512, 28, 512)	2.2970952700000002	2.32026662
(1, 512, 14, 512)	0.8110287600000001	0.82786439
