workload	winograd	winograd_nnptx
(1, 64, 224, 64)	14.41832495	12.71883372
(1, 64, 112, 128)	13.3010948	8.34388439
(1, 128, 112, 128)	25.91518584	16.207975400000002
(1, 128, 56, 256)	14.965753059999999	10.54004697
(1, 256, 56, 256)	29.71142444	20.898303180000003
(1, 256, 28, 512)	33.36052249	14.41275342
(1, 512, 28, 512)	66.28444254	28.64141712
(1, 512, 14, 512)	64.81416736	58.641665190000005
