workload	winograd	winograd_nnptx
(1, 64, 224, 64)	0.5134404	0.52393877
(1, 64, 112, 128)	0.20817098	0.21489324
(1, 128, 112, 128)	0.32999464999999994	0.33702177
(1, 128, 56, 256)	0.3097778	0.17682592000000003
(1, 256, 56, 256)	0.55894476	0.29109555
(1, 256, 28, 512)	0.30812077	0.17010166
(1, 512, 28, 512)	0.57363157	0.34458703
(1, 512, 14, 512)	0.2002827	0.20453044
