workload	winograd	winograd_nnptx
(1, 64, 224, 64)	0.9366553099999999	0.91033329
(1, 64, 112, 128)	0.37730235	0.37555441000000006
(1, 128, 112, 128)	0.5921120400000001	0.5891179099999999
(1, 128, 56, 256)	0.30653099	0.36347761
(1, 256, 56, 256)	0.5745926100000001	0.4958070400000001
(1, 256, 28, 512)	0.36187304000000003	0.28636716
(1, 512, 28, 512)	0.67332161	0.52860612
(1, 512, 14, 512)	0.15581878999999998	0.2149643
