workload	winograd	winograd_nnptx
(1, 64, 224, 64)	14.69191774	12.99633063
(1, 64, 112, 128)	13.558403080000001	8.45239564
(1, 128, 112, 128)	26.218596870000002	16.348300169999998
(1, 128, 56, 256)	15.044060409999998	10.614312720000001
(1, 256, 56, 256)	29.902175909999997	20.994105360000002
(1, 256, 28, 512)	33.32314939	14.48218088
(1, 512, 28, 512)	66.36747362000001	28.84295554
(1, 512, 14, 512)	64.89406054	58.66354562
