workload	winograd	winograd_nnptx
(1, 64, 224, 64)	29.05461247	20.423489680000003
(1, 64, 112, 128)	9.110809	6.856303400000001
(1, 128, 112, 128)	17.779251209999998	13.32301692
(1, 128, 56, 256)	16.51309573	20.12605614
(1, 256, 56, 256)	33.035503369999994	39.96536546
(1, 256, 28, 512)	9.15817237	18.87467524
(1, 512, 28, 512)	19.05724999	37.65722194
(1, 512, 14, 512)	50.59884411	31.95149287
