workload	winograd	winograd_nnptx
(1, 64, 224, 64)	14.298865999999999	12.56895718
(1, 64, 112, 128)	13.67443812	8.26869448
(1, 128, 112, 128)	26.6305429	16.099353739999998
(1, 128, 56, 256)	14.959081800000002	10.258375950000001
(1, 256, 56, 256)	29.675945849999998	20.23899379
(1, 256, 28, 512)	33.32146231	14.39736367
(1, 512, 28, 512)	66.2718517	28.64157722
(1, 512, 14, 512)	64.84349894	58.57436833
