workload	winograd	winograd_nnptx
(1, 64, 224, 64)	1.1004127799999999	0.95709076
(1, 64, 112, 128)	0.36944541999999997	0.36337317
(1, 128, 112, 128)	0.5371365	0.52267281
(1, 128, 56, 256)	0.33559695	0.26778073999999996
(1, 256, 56, 256)	0.5853431800000001	0.43385658
(1, 256, 28, 512)	0.23360011	0.23909737
(1, 512, 28, 512)	0.40791674	0.43041932
(1, 512, 14, 512)	0.3656022	0.17904973000000002
