workload	winograd	winograd_nnptx
(1, 64, 224, 64)	29.60117723	20.81570229
(1, 64, 112, 128)	12.6463833	7.10571225
(1, 128, 112, 128)	24.892822929999998	13.72431403
(1, 128, 56, 256)	16.65447604	19.57663444
(1, 256, 56, 256)	32.96392989	38.61891455
(1, 256, 28, 512)	8.97809933	18.785149800000003
(1, 512, 28, 512)	17.781042760000002	37.37821168
(1, 512, 14, 512)	50.55847313	32.060255590000004
