workload	winograd	winograd_nnptx
(1, 64, 224, 64)	1.46534209	1.9852758900000003
(1, 64, 112, 128)	0.67725752	0.93652592
(1, 128, 112, 128)	1.29864717	1.80433677
(1, 128, 56, 256)	0.6158809900000001	0.89014561
(1, 256, 56, 256)	1.19576709	1.69512321
(1, 256, 28, 512)	1.26811374	1.13502027
(1, 512, 28, 512)	2.50438109	2.2414557399999997
(1, 512, 14, 512)	0.78366731	0.74640902
