workload	winograd	winograd_nnptx
(1, 64, 224, 64)	23.75546651	12.56231779
(1, 64, 112, 128)	10.80716571	17.18616146
(1, 128, 112, 128)	21.91412928	33.8384656
(1, 128, 56, 256)	18.63416937	18.67004807
(1, 256, 56, 256)	36.5948425	36.8088579
(1, 256, 28, 512)	11.495646390000001	14.241242110000002
(1, 512, 28, 512)	22.90395951	27.96426718
(1, 512, 14, 512)	45.930031299999996	15.599005239999999
