workload	winograd	winograd_nnptx
(1, 64, 224, 64)	2.41356022	2.30904436
(1, 64, 112, 128)	1.15966315	1.12790316
(1, 128, 112, 128)	2.5834904699999997	2.43292882
(1, 128, 56, 256)	1.29720509	1.2570619899999997
(1, 256, 56, 256)	1.94639704	1.78455695
(1, 256, 28, 512)	1.68769041	1.40907172
(1, 512, 28, 512)	3.3226648800000005	2.7888396699999998
(1, 512, 14, 512)	1.7256288800000001	1.4142570600000002
