workload	winograd	winograd_nnptx
(1, 64, 224, 64)	3.39909571	2.6779960600000003
(1, 64, 112, 128)	1.32635473	3.2753119600000002
(1, 128, 112, 128)	1.8552441100000001	5.741373579999999
(1, 128, 56, 256)	1.0212666799999999	6.98345411
(1, 256, 56, 256)	1.66266904	13.53312797
(1, 256, 28, 512)	0.68963153	1.4291246699999998
(1, 512, 28, 512)	1.1737430100000001	2.6229111300000003
(1, 512, 14, 512)	2.02969617	0.45073461
