workload	winograd	winograd_nnptx
(1, 64, 224, 64)	8.334302	10.50513869
(1, 64, 112, 128)	3.85682824	4.95251271
(1, 128, 112, 128)	6.89705177	9.24961314
(1, 128, 56, 256)	3.3556071700000003	4.4305164
(1, 256, 56, 256)	6.31842949	8.718264320000001
(1, 256, 28, 512)	3.14430062	4.346482890000001
(1, 512, 28, 512)	6.069499820000001	8.37524172
(1, 512, 14, 512)	2.02953691	2.3730487300000003
