workload	winograd	winograd_nnptx
(1, 64, 224, 64)	56.969151260000004	101.03731083
(1, 64, 112, 128)	28.94352479	50.3590977
(1, 128, 112, 128)	57.60702125	100.03290159
(1, 128, 56, 256)	49.476912659999996	74.83496158999999
(1, 256, 56, 256)	98.82800858	148.76320815
(1, 256, 28, 512)	46.012320630000005	94.36801858999999
(1, 512, 28, 512)	91.87673905	188.24610113999998
(1, 512, 14, 512)	23.89758016	36.0187194
