workload	winograd	winograd_nnptx
(1, 64, 224, 64)	20.732930810000003	18.84817342
(1, 64, 112, 128)	10.084393229999998	9.15695034
(1, 128, 112, 128)	19.43455822	17.881635069999998
(1, 128, 56, 256)	9.58752746	8.775559240000002
(1, 256, 56, 256)	18.85243991	17.14183263
(1, 256, 28, 512)	9.37486498	8.60560957
(1, 512, 28, 512)	18.56989932	17.17858576
(1, 512, 14, 512)	4.83649808	4.42962246
