workload	winograd	winograd_nnptx
(1, 64, 224, 64)	0.48452474	0.48394155
(1, 64, 112, 128)	0.45315380000000005	0.28002261
(1, 128, 112, 128)	0.7823882799999999	0.45090589
(1, 128, 56, 256)	0.40026343999999997	0.23423238
(1, 256, 56, 256)	0.7195448799999999	0.39737390999999994
(1, 256, 28, 512)	0.49243667999999996	0.23949420999999999
(1, 512, 28, 512)	0.9584888799999999	0.45208595999999995
(1, 512, 14, 512)	0.41459282000000003	0.28371209000000003
