workload	winograd	winograd_nnptx
(1, 64, 224, 64)	1.38373451	1.4512822799999998
(1, 64, 112, 128)	0.6706854	0.69974928
(1, 128, 112, 128)	1.2947131299999999	1.3885603899999999
(1, 128, 56, 256)	0.9774167	1.01101863
(1, 256, 56, 256)	1.73131562	1.50131967
(1, 256, 28, 512)	0.95909893	0.80547176
(1, 512, 28, 512)	1.8760838899999999	1.58737932
(1, 512, 14, 512)	0.6329167400000001	0.55505235
