workload	winograd	winograd_nnptx
(1, 64, 224, 64)	50.86667017	11.424738240000002
(1, 64, 112, 128)	24.896078959999997	4.809994189999999
(1, 128, 112, 128)	47.17851429	9.27592742
(1, 128, 56, 256)	23.08306413	4.324395300000001
(1, 256, 56, 256)	44.95625364000001	8.34149929
(1, 256, 28, 512)	7.54539863	100.30746329
(1, 512, 28, 512)	14.92694745	198.50210164
(1, 512, 14, 512)	4.93195382	66.05564373
