workload	winograd	winograd_nnptx
(1, 64, 224, 64)	87.56877181	164.70530974
(1, 64, 112, 128)	43.51382716	81.94076833000001
(1, 128, 112, 128)	85.06961437999999	157.97395018999998
(1, 128, 56, 256)	49.927468780000005	74.93951157
(1, 256, 56, 256)	98.73974611	148.82401753
(1, 256, 28, 512)	47.410484329999996	115.96508512999999
(1, 512, 28, 512)	94.19005108	231.17298434
(1, 512, 14, 512)	65.92095124	120.2247213
