workload	winograd	winograd_nnptx
(1, 64, 224, 64)	2.54274741	2.36370086
(1, 64, 112, 128)	1.2607503	1.14899806
(1, 128, 112, 128)	2.42057699	2.3131988800000003
(1, 128, 56, 256)	1.2228357699999999	1.1728501
(1, 256, 56, 256)	2.3965840899999997	2.15907846
(1, 256, 28, 512)	2.0110012200000003	1.75917946
(1, 512, 28, 512)	3.9903874900000003	3.4897084499999997
(1, 512, 14, 512)	2.03253731	2.09756935
