workload	winograd	winograd_nnptx
(1, 64, 224, 64)	1.70564745	18.27466011
(1, 64, 112, 128)	0.8707744000000001	9.02590985
(1, 128, 112, 128)	1.5053708399999999	17.414799759999998
(1, 128, 56, 256)	1.03299044	9.485778360000001
(1, 256, 56, 256)	1.94611816	18.76327321
(1, 256, 28, 512)	1.54814295	16.167208369999997
(1, 512, 28, 512)	3.0356733	32.1341122
(1, 512, 14, 512)	1.67510186	11.83153296
