workload	winograd	winograd_nnptx
(1, 64, 224, 64)	21.00634505	18.483460819999998
(1, 64, 112, 128)	10.43615525	9.20349383
(1, 128, 112, 128)	20.903923510000002	17.8912689
(1, 128, 56, 256)	10.4667702	9.014788150000001
(1, 256, 56, 256)	20.88729412	18.00214589
(1, 256, 28, 512)	20.37597582	13.79691783
(1, 512, 28, 512)	40.991303959999996	27.38647194
(1, 512, 14, 512)	21.368721329999996	12.386270239999998
