workload	winograd	winograd_nnptx
(1, 64, 224, 64)	3.47838313	3.36165897
(1, 64, 112, 128)	1.4604794300000001	1.40123458
(1, 128, 112, 128)	2.3302087599999997	2.21598896
(1, 128, 56, 256)	1.02892538	0.97767253
(1, 256, 56, 256)	1.7581499100000002	1.64525369
(1, 256, 28, 512)	0.8084459900000001	0.7542244600000001
(1, 512, 28, 512)	1.46213724	1.35437348
(1, 512, 14, 512)	0.44925829	0.41278004999999995
