workload	winograd	winograd_nnptx
(1, 64, 224, 64)	2.01351693	1.6883300200000002
(1, 64, 112, 128)	0.82238892	0.76354004
(1, 128, 112, 128)	1.4786146299999998	1.3647707100000002
(1, 128, 56, 256)	0.7090734099999999	0.6582370999999999
(1, 256, 56, 256)	1.33236739	1.21896704
(1, 256, 28, 512)	0.64652196	0.5924726699999999
(1, 512, 28, 512)	1.24470492	1.13751203
(1, 512, 14, 512)	0.45434482	0.39440616
