workload	winograd	winograd_nnptx
(1, 64, 224, 64)	1.0373487300000002	1.09908169
(1, 64, 112, 128)	0.37792554	0.44899932
(1, 128, 112, 128)	0.58450786	0.7255258800000001
(1, 128, 56, 256)	0.26416301	0.33589203999999995
(1, 256, 56, 256)	0.43898756999999994	0.57845035
(1, 256, 28, 512)	0.38621461	0.32136256
(1, 512, 28, 512)	0.72213414	0.60195914
(1, 512, 14, 512)	0.22762312999999998	0.21760776999999998
