workload	winograd	winograd_nnptx
(1, 64, 224, 64)	5.141478929999999	4.89598812
(1, 64, 112, 128)	2.50421971	2.38241567
(1, 128, 112, 128)	4.92924249	4.69081742
(1, 128, 56, 256)	2.4531237499999996	2.3556948
(1, 256, 56, 256)	4.75192099	4.331818800000001
(1, 256, 28, 512)	2.3477972799999995	2.14796932
(1, 512, 28, 512)	4.61747824	4.22903193
(1, 512, 14, 512)	1.4609623399999998	1.44898008
