workload	winograd	winograd_nnptx
(1, 64, 224, 64)	1.06459605	1.0466125599999998
(1, 64, 112, 128)	0.43394034	0.42114278
(1, 128, 112, 128)	0.70891251	0.68366799
(1, 128, 56, 256)	0.31950401000000006	0.30771139999999997
(1, 256, 56, 256)	0.5586559200000001	0.53215063
(1, 256, 28, 512)	0.3012758	0.27513574
(1, 512, 28, 512)	0.5593849900000001	0.5079933400000001
(1, 512, 14, 512)	0.20071474	0.19237355000000003
