workload	winograd	winograd_nnptx
(1, 64, 224, 64)	6.81536231	6.58242305
(1, 64, 112, 128)	3.1399905900000005	3.0180531900000003
(1, 128, 112, 128)	5.766837970000001	5.530394159999999
(1, 128, 56, 256)	2.76749903	2.6673591099999996
(1, 256, 56, 256)	5.165649650000001	4.74875823
(1, 256, 28, 512)	2.5023025899999998	2.3029987199999997
(1, 512, 28, 512)	4.82117252	4.437204759999999
(1, 512, 14, 512)	1.38516216	1.4978202099999998
