workload	winograd	winograd_nnptx
(1, 64, 224, 64)	15.095915349999999	116.73520115000001
(1, 64, 112, 128)	7.3617064	57.17991668
(1, 128, 112, 128)	14.59724274	111.17823963
(1, 128, 56, 256)	7.63340494	55.33667705
(1, 256, 56, 256)	15.172262110000002	108.92054633000001
(1, 256, 28, 512)	12.153009400000002	179.50282238
(1, 512, 28, 512)	23.971130270000003	357.39122181
(1, 512, 14, 512)	11.57377383	34.09575805
