workload	winograd	winograd_nnptx
(1, 64, 224, 64)	0.79293895	0.7781068800000001
(1, 64, 112, 128)	0.30742827	0.31343562999999997
(1, 128, 112, 128)	0.44122166999999995	0.45539436000000005
(1, 128, 56, 256)	0.25246821999999997	0.22469034
(1, 256, 56, 256)	0.41568954999999996	0.35762121
(1, 256, 28, 512)	0.27369783999999997	0.20229670000000002
(1, 512, 28, 512)	0.49802935	0.36232147
(1, 512, 14, 512)	0.11071948999999999	0.13691102
