workload	winograd	winograd_nnptx
(1, 64, 224, 64)	90.36556489	85.51834025999999
(1, 64, 112, 128)	45.12989297	42.653780440000006
(1, 128, 112, 128)	91.15478931999999	87.80009201
(1, 128, 56, 256)	45.57318368	43.86619739
(1, 256, 56, 256)	91.2178988	88.4383254
(1, 256, 28, 512)	84.98451562	83.87201169000001
(1, 512, 28, 512)	171.24647858	168.57129202
(1, 512, 14, 512)	86.24499932000002	85.90690873
