workload	winograd	winograd_nnptx
(1, 64, 224, 64)	14.471671090000001	13.139702920000001
(1, 64, 112, 128)	13.792329500000001	8.21655348
(1, 128, 112, 128)	26.819381189999998	16.03131953
(1, 128, 56, 256)	14.9576167	10.343239460000001
(1, 256, 56, 256)	29.659949509999997	20.341830669999997
(1, 256, 28, 512)	32.71280235	14.711676440000002
(1, 512, 28, 512)	65.17615746999999	29.266226569999997
(1, 512, 14, 512)	64.82157907000001	58.54879941
