workload	winograd	winograd_nnptx
(1, 64, 224, 64)	18.67677736	16.791476749999998
(1, 64, 112, 128)	9.30071637	8.37274883
(1, 128, 112, 128)	18.39793813	16.84304642
(1, 128, 56, 256)	10.49626804	9.03749689
(1, 256, 56, 256)	20.9398064	18.04599775
(1, 256, 28, 512)	10.52521349	8.9975369
(1, 512, 28, 512)	21.070247130000002	17.767448509999998
(1, 512, 14, 512)	5.45717241	4.689108149999999
