workload	winograd	winograd_nnptx
(1, 64, 224, 64)	7.4988889400000005	5.91772115
(1, 64, 112, 128)	3.6886203299999996	2.9580062600000003
(1, 128, 112, 128)	7.20383314	5.62375939
(1, 128, 56, 256)	3.65370926	2.8474161999999996
(1, 256, 56, 256)	7.1918248	5.552169340000001
(1, 256, 28, 512)	6.81154467	6.17786432
(1, 512, 28, 512)	13.49678658	12.22480193
(1, 512, 14, 512)	6.95802061	4.271512100000001
