workload	winograd	winograd_nnptx
(1, 64, 224, 64)	82.32531010000001	72.46084216
(1, 64, 112, 128)	40.88520495	35.97426638
(1, 128, 112, 128)	81.50317344	70.27654215999999
(1, 128, 56, 256)	40.59036151	35.01198281
(1, 256, 56, 256)	80.97076261	69.92730041
(1, 256, 28, 512)	40.4440053	34.87531999
(1, 512, 28, 512)	81.19566293999999	69.62757717
(1, 512, 14, 512)	20.3120227	16.44692317
