workload	winograd	winograd_nnptx
(1, 64, 224, 64)	1.12524123	1.2907923299999997
(1, 64, 112, 128)	0.51394508	0.57163583
(1, 128, 112, 128)	0.9681205199999999	1.121642
(1, 128, 56, 256)	0.45887861	0.51651441
(1, 256, 56, 256)	0.8838090899999999	1.2614648700000002
(1, 256, 28, 512)	1.72486127	0.86800939
(1, 512, 28, 512)	2.9041248299999998	1.57974119
(1, 512, 14, 512)	0.84344761	0.55627647
