workload	winograd	winograd_nnptx
(1, 64, 224, 64)	15.28371972	2.46607666
(1, 64, 112, 128)	7.44815092	1.1612562599999998
(1, 128, 112, 128)	13.996125180000002	2.02069605
(1, 128, 56, 256)	1.27666683	18.419858060000003
(1, 256, 56, 256)	2.3878786900000004	36.26355993999999
(1, 256, 28, 512)	2.5223719300000003	50.507755960000004
(1, 512, 28, 512)	4.9601068	100.72871886
(1, 512, 14, 512)	0.89700473	3.96696762
