workload	winograd	winograd_nnptx
(1, 64, 224, 64)	0.53958068	0.53555677
(1, 64, 112, 128)	0.28953798999999997	0.25997236
(1, 128, 112, 128)	0.50249399	0.45535362000000007
(1, 128, 56, 256)	0.26936486	0.2353407
(1, 256, 56, 256)	0.52937422	0.42602067000000005
(1, 256, 28, 512)	0.33980859	0.25748573
(1, 512, 28, 512)	0.65208235	0.48413307000000005
(1, 512, 14, 512)	0.27492292	0.29196477
