workload	winograd	winograd_nnptx
(1, 64, 224, 64)	0.5509142499999999	0.55299344
(1, 64, 112, 128)	0.24578408	0.25009078
(1, 128, 112, 128)	0.39362442999999997	0.39833975
(1, 128, 56, 256)	0.46293853	0.26877659
(1, 256, 56, 256)	0.8357891700000001	0.40151449
(1, 256, 28, 512)	0.49356023000000004	0.23924565
(1, 512, 28, 512)	0.95923666	0.44975544
(1, 512, 14, 512)	0.17321309	0.18912841
