workload	winograd	winograd_nnptx
(1, 64, 224, 64)	0.39163927	0.42006032
(1, 64, 112, 128)	0.25701177	0.20585802
(1, 128, 112, 128)	0.42320406	0.34392506000000006
(1, 128, 56, 256)	0.21747052	0.1721967
(1, 256, 56, 256)	0.38632003	0.30672809999999995
(1, 256, 28, 512)	0.26343705	0.18380202000000004
(1, 512, 28, 512)	0.52081177	0.34804061999999997
(1, 512, 14, 512)	0.21832127	0.19027447
