workload	winograd	winograd_nnptx
(1, 64, 224, 64)	8.15573311	9.71833385
(1, 64, 112, 128)	4.04154619	4.78830163
(1, 128, 112, 128)	7.984551309999999	9.424246250000001
(1, 128, 56, 256)	3.9883818200000003	4.72680542
(1, 256, 56, 256)	7.95709308	9.48033702
(1, 256, 28, 512)	7.92442478	7.038028870000001
(1, 512, 28, 512)	15.843259590000002	14.321109069999999
(1, 512, 14, 512)	8.72157874	6.39433425
