workload	winograd	winograd_nnptx
(1, 64, 224, 64)	2.24154719	2.26987197
(1, 64, 112, 128)	1.0627137	1.07256159
(1, 128, 112, 128)	1.9737091599999999	2.18670535
(1, 128, 56, 256)	0.93900449	1.06908907
(1, 256, 56, 256)	1.80058981	1.71709669
(1, 256, 28, 512)	0.9659320600000001	0.8962304899999999
(1, 512, 28, 512)	1.9003013	1.7594179500000002
(1, 512, 14, 512)	0.6449486099999999	0.59532282
