workload	winograd	winograd_nnptx
(1, 64, 224, 64)	48.77278857	9.36233352
(1, 64, 112, 128)	7.31859047	57.66013237
(1, 128, 112, 128)	14.61988685	111.78636024
(1, 128, 56, 256)	7.65003384	55.61816420000001
(1, 256, 56, 256)	15.18742155	109.71865487
(1, 256, 28, 512)	8.08502106	188.05859641
(1, 512, 28, 512)	16.00757592	375.80763055
(1, 512, 14, 512)	7.20022164	52.93481532
