workload	winograd	winograd_nnptx
(1, 64, 224, 64)	1.00025003	0.613301
(1, 64, 112, 128)	0.4746231699999999	0.29559649
(1, 128, 112, 128)	0.8154383199999999	0.45307617000000006
(1, 128, 56, 256)	0.39909901999999997	0.23724024
(1, 256, 56, 256)	0.71689352	0.39956438
(1, 256, 28, 512)	0.72889589	0.34245736
(1, 512, 28, 512)	1.4266999999999999	0.64464711
(1, 512, 14, 512)	0.65424495	0.37292032
