workload	winograd	winograd_nnptx
(1, 64, 224, 64)	7.0812177499999995	6.62437042
(1, 64, 112, 128)	3.26237479	3.0328492499999995
(1, 128, 112, 128)	5.91699596	5.47233769
(1, 128, 56, 256)	2.82837988	2.70956709
(1, 256, 56, 256)	5.3521740200000005	4.90597458
(1, 256, 28, 512)	2.52083675	2.31081451
(1, 512, 28, 512)	4.88266569	4.92311646
(1, 512, 14, 512)	1.3635243099999999	1.2998118300000001
