workload	winograd	winograd_nnptx
(1, 64, 224, 64)	0.6480672	0.6200222400000001
(1, 64, 112, 128)	0.28833677	0.27491939
(1, 128, 112, 128)	0.5262604	0.4996337900000001
(1, 128, 56, 256)	0.307016	0.27187765999999997
(1, 256, 56, 256)	0.61425631	0.53615876
(1, 256, 28, 512)	0.33250718	0.28758754000000003
(1, 512, 28, 512)	0.64244564	0.5575395799999999
(1, 512, 14, 512)	0.2058383	0.20023721
