workload	winograd	winograd_nnptx
(1, 64, 224, 64)	18.70639966	28.365424230000002
(1, 64, 112, 128)	9.245353630000002	14.11430941
(1, 128, 112, 128)	18.48133833	21.97715315
(1, 128, 56, 256)	10.63259859	11.9343616
(1, 256, 56, 256)	21.382120429999997	23.885498639999998
(1, 256, 28, 512)	10.854762120000002	12.18181218
(1, 512, 28, 512)	21.87158086	24.771436140000002
(1, 512, 14, 512)	5.76860166	6.997498650000001
