workload	winograd	winograd_nnptx
(1, 64, 224, 64)	1.98619569	1.99206158
(1, 64, 112, 128)	0.9286159500000001	0.94262868
(1, 128, 112, 128)	1.82835035	2.01836718
(1, 128, 56, 256)	1.28123816	1.23802865
(1, 256, 56, 256)	1.94803352	1.7866025199999997
(1, 256, 28, 512)	1.01086679	0.91949435
(1, 512, 28, 512)	1.98592669	1.8154070299999998
(1, 512, 14, 512)	0.62267078	0.57436323
