workload	winograd	winograd_nnptx
(1, 64, 224, 64)	25.84135307	14.64145757
(1, 64, 112, 128)	5.619911010000001	11.074093350000002
(1, 128, 112, 128)	10.761272109999998	21.19817543
(1, 128, 56, 256)	19.08876622	19.69615587
(1, 256, 56, 256)	36.913275060000004	38.799728800000004
(1, 256, 28, 512)	11.709547039999999	14.06120442
(1, 512, 28, 512)	23.17363833	27.85568842
(1, 512, 14, 512)	48.36637861	15.74842374
