workload	winograd	winograd_nnptx
(1, 64, 224, 64)	16.393429100000002	14.727187159999998
(1, 64, 112, 128)	14.111849139999999	9.16779527
(1, 128, 112, 128)	26.97250139	17.27513629
(1, 128, 56, 256)	15.39321069	10.96458034
(1, 256, 56, 256)	30.2879898	21.481213819999997
(1, 256, 28, 512)	33.62439799	14.74304909
(1, 512, 28, 512)	66.78730202	29.13532274
(1, 512, 14, 512)	65.19301763	59.02548983
