workload	winograd	winograd_nnptx
(1, 64, 224, 64)	3.7593643100000005	4.99723949
(1, 64, 112, 128)	1.8804637299999998	2.4658215
(1, 128, 112, 128)	3.57671919	4.69549498
(1, 128, 56, 256)	3.65568941	2.84228184
(1, 256, 56, 256)	7.19599742	5.550310120000001
(1, 256, 28, 512)	3.78006377	3.76129486
(1, 512, 28, 512)	7.4994346599999995	7.39452682
(1, 512, 14, 512)	2.1762671399999998	1.84328705
