workload	winograd	winograd_nnptx
(1, 64, 224, 64)	2.6975344000000003	2.6716732599999995
(1, 64, 112, 128)	1.07052884	1.05735679
(1, 128, 112, 128)	1.55786994	1.5326587999999999
(1, 128, 56, 256)	0.6379394300000001	0.6260418
(1, 256, 56, 256)	0.9835218900000001	0.95678484
(1, 256, 28, 512)	0.46416567999999997	0.43840602
(1, 512, 28, 512)	0.9052164899999999	0.8457314100000001
(1, 512, 14, 512)	0.27201141	0.26380715
