workload	winograd	winograd_nnptx
(1, 64, 224, 64)	56.99470475	101.00601174
(1, 64, 112, 128)	42.66170477	81.91110538
(1, 128, 112, 128)	84.94661548	157.89026394
(1, 128, 56, 256)	49.820026410000004	75.16570803
(1, 256, 56, 256)	99.11472864	149.27510604
(1, 256, 28, 512)	45.75430126	94.21059112
(1, 512, 28, 512)	92.58334645999999	188.01497282999998
(1, 512, 14, 512)	63.838379700000004	81.38935423
