workload	winograd	winograd_nnptx
(1, 64, 224, 64)	1.6043113400000002	1.34327438
(1, 64, 112, 128)	0.73221636	0.62643569
(1, 128, 112, 128)	1.45030765	1.25347655
(1, 128, 56, 256)	0.7244082000000001	0.62658738
(1, 256, 56, 256)	1.3364639	1.15708695
(1, 256, 28, 512)	0.6982028	0.59931384
(1, 512, 28, 512)	1.37193333	1.1784052500000002
(1, 512, 14, 512)	0.68004698	0.53502794
