workload	winograd	winograd_nnptx
(1, 64, 224, 64)	1.74713157	2.27503527
(1, 64, 112, 128)	0.80184061	1.06174701
(1, 128, 112, 128)	1.42729329	1.93361128
(1, 128, 56, 256)	0.68255947	0.9577982899999999
(1, 256, 56, 256)	1.27674765	1.77608147
(1, 256, 28, 512)	1.02257794	0.92148166
(1, 512, 28, 512)	2.00321374	1.78863546
(1, 512, 14, 512)	0.7993484900000001	0.76281209
