workload	winograd	winograd_nnptx
(1, 64, 224, 64)	0.51892243	0.46453743
(1, 64, 112, 128)	0.24864831999999998	0.21569049
(1, 128, 112, 128)	0.40692786	0.35073866000000004
(1, 128, 56, 256)	0.22063161000000003	0.18086166
(1, 256, 56, 256)	0.39481695999999994	0.31433152
(1, 256, 28, 512)	0.39382072999999995	0.27233069
(1, 512, 28, 512)	0.75556425	0.44356664
(1, 512, 14, 512)	0.34886775999999997	0.2561499
