workload	winograd	winograd_nnptx
(1, 64, 224, 64)	1.3612243099999999	1.8800113900000002
(1, 64, 112, 128)	1.2595475999999999	1.1443541899999998
(1, 128, 112, 128)	2.4168287499999996	2.30571049
(1, 128, 56, 256)	1.2231128	1.1694540100000002
(1, 256, 56, 256)	2.3962504900000003	2.15425427
(1, 256, 28, 512)	1.25685933	1.12831682
(1, 512, 28, 512)	2.4887873099999998	2.22866007
(1, 512, 14, 512)	1.16980329	1.1826380300000001
