workload	winograd	winograd_nnptx
(1, 64, 224, 64)	14.932231680000001	2.09264385
(1, 64, 112, 128)	7.32130117	1.01169927
(1, 128, 112, 128)	13.84866524	1.83469422
(1, 128, 56, 256)	2.5243336399999996	44.42641888
(1, 256, 56, 256)	4.953511059999999	88.35741063
(1, 256, 28, 512)	3.0287099899999994	59.68466567
(1, 512, 28, 512)	6.0723816699999995	119.08070461999999
(1, 512, 14, 512)	0.8845912499999999	4.1122846299999996
