workload	winograd	winograd_nnptx
(1, 64, 224, 64)	5.9398436	5.380783129999999
(1, 64, 112, 128)	2.88260813	2.6229037
(1, 128, 112, 128)	5.96436461	5.40567989
(1, 128, 56, 256)	2.9852927200000003	2.8289284599999998
(1, 256, 56, 256)	5.16686256	4.539284639999999
(1, 256, 28, 512)	4.50009947	3.61712503
(1, 512, 28, 512)	8.963339110000001	7.17361464
(1, 512, 14, 512)	4.46699684	4.28951722
