workload	winograd	winograd_nnptx
(1, 64, 224, 64)	1.55791934	1.3715127099999997
(1, 64, 112, 128)	0.73398357	0.6307046400000001
(1, 128, 112, 128)	1.4533171900000001	1.25933458
(1, 128, 56, 256)	0.72249469	0.6292330700000001
(1, 256, 56, 256)	1.3361671800000001	1.16116623
(1, 256, 28, 512)	1.16702226	0.8830468499999999
(1, 512, 28, 512)	2.3067413500000002	1.7419295200000002
(1, 512, 14, 512)	1.18950567	0.8594839400000001
