workload	winograd	winograd_nnptx
(1, 64, 224, 64)	80.71009258000001	70.82294525
(1, 64, 112, 128)	40.23900397	35.320252499999995
(1, 128, 112, 128)	80.7681773	69.51784783
(1, 128, 56, 256)	45.58595542	43.876446810000004
(1, 256, 56, 256)	91.23031642999999	88.45263319
(1, 256, 28, 512)	45.734621530000005	44.30860868
(1, 512, 28, 512)	92.15324561999999	89.21486734
(1, 512, 14, 512)	23.296415279999998	22.310094619999997
