workload	winograd	winograd_nnptx
(1, 64, 224, 64)	1.9627001	1.98415187
(1, 64, 112, 128)	1.16739238	1.13054869
(1, 128, 112, 128)	2.5815889199999997	2.42959161
(1, 128, 56, 256)	1.2992767	1.2568122800000001
(1, 256, 56, 256)	1.94591112	1.7860696600000001
(1, 256, 28, 512)	0.9998613599999999	0.92389
(1, 512, 28, 512)	1.99006416	1.81520183
(1, 512, 14, 512)	0.99330714	0.8342629699999999
