workload	winograd	winograd_nnptx
(1, 64, 224, 64)	29.05357082	20.44086318
(1, 64, 112, 128)	12.6608495	6.9409855899999995
(1, 128, 112, 128)	24.57708811	13.5279927
(1, 128, 56, 256)	16.71069367	20.20093006
(1, 256, 56, 256)	32.9338107	40.11798312
(1, 256, 28, 512)	9.14729433	18.91443411
(1, 512, 28, 512)	17.71004735	37.642917989999994
(1, 512, 14, 512)	50.72968826	31.78778719
