workload	winograd	winograd_nnptx
(1, 64, 224, 64)	1.47684855	1.54424637
(1, 64, 112, 128)	0.70494751	0.72103446
(1, 128, 112, 128)	1.35903054	1.4351314000000002
(1, 128, 56, 256)	0.6556635800000001	0.69695425
(1, 256, 56, 256)	1.29821548	1.2836078
(1, 256, 28, 512)	0.96954741	0.81184516
(1, 512, 28, 512)	1.89432759	1.60107629
(1, 512, 14, 512)	0.6382805900000001	0.55860263
