workload	winograd	winograd_nnptx
(1, 64, 224, 64)	5.1073238	4.650397219999999
(1, 64, 112, 128)	2.50153086	2.27199581
(1, 128, 112, 128)	4.939599639999999	4.49445382
(1, 128, 56, 256)	2.44352394	2.32508712
(1, 256, 56, 256)	4.8465443299999995	4.40114413
(1, 256, 28, 512)	2.6531262100000004	2.3484827900000003
(1, 512, 28, 512)	5.27882677	4.54138117
(1, 512, 14, 512)	1.4340658400000001	1.32221543
