workload	winograd	winograd_nnptx
(1, 64, 224, 64)	23.78211283	12.59302483
(1, 64, 112, 128)	4.826162569999999	10.2817837
(1, 128, 112, 128)	9.706748309999998	20.18379649
(1, 128, 56, 256)	18.973995390000002	18.55654122
(1, 256, 56, 256)	36.68127231	36.77976451
(1, 256, 28, 512)	11.520988670000001	14.04350623
(1, 512, 28, 512)	23.081169959999997	27.9353439
(1, 512, 14, 512)	49.20495622	15.58516358
