workload	winograd	winograd_nnptx
(1, 64, 224, 64)	5.813979150000001	7.0552638000000005
(1, 64, 112, 128)	2.66404594	3.25030357
(1, 128, 112, 128)	4.61168693	5.7323640099999995
(1, 128, 56, 256)	2.2102137899999996	2.7510329
(1, 256, 56, 256)	4.03452733	5.15578773
(1, 256, 28, 512)	3.0666344800000003	3.2039122300000002
(1, 512, 28, 512)	5.958943410000001	6.17294648
(1, 512, 14, 512)	2.0154983100000003	1.7397349500000001
