workload	winograd	winograd_nnptx
(1, 64, 224, 64)	4.91925324	4.67723084
(1, 64, 112, 128)	2.88126826	2.61903247
(1, 128, 112, 128)	5.9670361199999995	5.405324969999999
(1, 128, 56, 256)	2.9882998300000003	2.82659565
(1, 256, 56, 256)	5.164703449999999	4.532245120000001
(1, 256, 28, 512)	2.6440479900000002	2.30996645
(1, 512, 28, 512)	5.24723047	4.576772060000001
(1, 512, 14, 512)	2.45040053	2.45124118
