workload	winograd	winograd_nnptx
(1, 64, 224, 64)	225.02424225	232.77456874
(1, 64, 112, 128)	112.69609396	109.45924772
(1, 128, 112, 128)	221.15853388000002	219.87108199000002
(1, 128, 56, 256)	160.91446199	214.43957595
(1, 256, 56, 256)	318.70283532999997	427.02358040999997
(1, 256, 28, 512)	168.15883814	345.39309946000003
(1, 512, 28, 512)	336.76332715	689.3877044100001
(1, 512, 14, 512)	100.10080628000001	99.91725444000001
