workload	winograd	winograd_nnptx
(1, 64, 224, 64)	225.30185299	233.08553207999998
(1, 64, 112, 128)	112.8192965	109.56340703000001
(1, 128, 112, 128)	221.29334598	220.00475644
(1, 128, 56, 256)	160.94347313	214.50133526
(1, 256, 56, 256)	318.77832804	427.18404763
(1, 256, 28, 512)	167.41767568999998	339.20862593
(1, 512, 28, 512)	336.84520031	676.9481781400001
(1, 512, 14, 512)	101.71593208000002	101.8537175
