workload	winograd	winograd_nnptx
(1, 64, 224, 64)	23.87652802	12.67803172
(1, 64, 112, 128)	4.85923065	10.3700783
(1, 128, 112, 128)	9.75208874	20.16701263
(1, 128, 56, 256)	18.81794277	19.23620064
(1, 256, 56, 256)	36.47987833	38.12975816
(1, 256, 28, 512)	11.50822914	14.231591550000001
(1, 512, 28, 512)	22.89610968	27.974411049999997
(1, 512, 14, 512)	48.17420669	15.610379649999999
