workload	winograd	winograd_nnptx
(1, 64, 224, 64)	6.360071819999999	8.53231343
(1, 64, 112, 128)	3.09711021	4.19307029
(1, 128, 112, 128)	5.921393510000001	8.27422417
(1, 128, 56, 256)	2.97979283	4.0561006100000006
(1, 256, 56, 256)	5.82752123	8.23248387
(1, 256, 28, 512)	4.048340759999999	4.777566489999999
(1, 512, 28, 512)	8.08260115	9.72321797
(1, 512, 14, 512)	2.18461184	2.66581728
