workload	winograd	winograd_nnptx
(1, 64, 224, 64)	1.8597259099999999	1.05441124
(1, 64, 112, 128)	0.6836955899999999	2.63409469
(1, 128, 112, 128)	1.0065977199999998	4.8937925
(1, 128, 56, 256)	0.6865555900000001	6.64420244
(1, 256, 56, 256)	1.2072552	13.06168187
(1, 256, 28, 512)	0.51332047	1.25267754
(1, 512, 28, 512)	0.92321675	2.3741415
(1, 512, 14, 512)	1.93481898	0.35723126
