workload	winograd	winograd_nnptx
(1, 64, 224, 64)	23.39777081	34.49160489
(1, 64, 112, 128)	11.77663462	17.41079088
(1, 128, 112, 128)	21.43985747	23.50684245
(1, 128, 56, 256)	10.62700672	11.93259979
(1, 256, 56, 256)	21.37430052	23.866673210000002
(1, 256, 28, 512)	19.06574697	18.80198141
(1, 512, 28, 512)	38.37576752	38.40202476
(1, 512, 14, 512)	19.354840460000002	20.00694043
