workload	winograd	winograd_nnptx
(1, 64, 224, 64)	1.42184283	1.3035818900000002
(1, 64, 112, 128)	0.675693	0.6160686
(1, 128, 112, 128)	1.29271138	1.17763119
(1, 128, 56, 256)	0.7246849399999999	0.6266168799999999
(1, 256, 56, 256)	1.33877341	1.15959336
(1, 256, 28, 512)	0.69907465	0.59941344
(1, 512, 28, 512)	1.3724221600000002	1.17805073
(1, 512, 14, 512)	0.43512712	0.37559195
