workload	winograd	winograd_nnptx
(1, 64, 224, 64)	0.48998829000000005	0.49306506
(1, 64, 112, 128)	0.18591454000000002	0.1918398
(1, 128, 112, 128)	0.31550237000000003	0.32985216999999994
(1, 128, 56, 256)	0.18718783	0.15918695
(1, 256, 56, 256)	0.33311701	0.27720894999999995
(1, 256, 28, 512)	0.24598972	0.17124467000000002
(1, 512, 28, 512)	0.46153651	0.32339411999999995
(1, 512, 14, 512)	0.09548678999999999	0.12135146
