workload	winograd	winograd_nnptx
(1, 64, 224, 64)	57.315595159999994	101.41012411
(1, 64, 112, 128)	29.083619249999998	50.489178800000005
(1, 128, 112, 128)	57.77864258	100.24528901000001
(1, 128, 56, 256)	51.16913236	83.02771654
(1, 256, 56, 256)	102.88491696999999	165.10413506999998
(1, 256, 28, 512)	46.03406808	80.84253988
(1, 512, 28, 512)	91.90846195	161.0281682
(1, 512, 14, 512)	23.960788750000003	36.084265339999995
