workload	winograd	winograd_nnptx
(1, 64, 224, 64)	57.06100394	101.09147382
(1, 64, 112, 128)	28.98545211	50.39877549
(1, 128, 112, 128)	57.66745803	100.14244541000001
(1, 128, 56, 256)	51.06392101	82.97409984
(1, 256, 56, 256)	102.79152294999999	165.02456468
(1, 256, 28, 512)	46.10031857	94.38995995
(1, 512, 28, 512)	91.54741309	188.27729037
(1, 512, 14, 512)	23.952877410000003	36.077543150000004
