workload	winograd	winograd_nnptx
(1, 64, 224, 64)	4.12419023	5.37222937
(1, 64, 112, 128)	2.0274187900000005	2.61376795
(1, 128, 112, 128)	3.76310521	4.88411351
(1, 128, 56, 256)	1.89277419	2.43330517
(1, 256, 56, 256)	3.6107285	4.73198603
(1, 256, 28, 512)	2.90661992	3.04312601
(1, 512, 28, 512)	5.74162657	5.96022681
(1, 512, 14, 512)	2.1961082800000002	1.8602237699999997
