workload	winograd	winograd_nnptx
(1, 64, 224, 64)	2.8729297999999996	1.0043145
(1, 64, 112, 128)	1.38906367	0.48850648
(1, 128, 112, 128)	2.54971407	0.7994188600000001
(1, 128, 56, 256)	1.02200992	9.882366090000001
(1, 256, 56, 256)	1.9250831500000003	19.58692371
(1, 256, 28, 512)	0.89803582	10.82192751
(1, 512, 28, 512)	1.84361576	21.477315739999998
(1, 512, 14, 512)	0.70530896	0.90795475
