workload	winograd	winograd_nnptx
(1, 64, 224, 64)	0.54328967	0.53895928
(1, 64, 112, 128)	0.22975874000000002	0.2272852
(1, 128, 112, 128)	0.40572379999999997	0.40105298
(1, 128, 56, 256)	0.25654659	0.22433888999999999
(1, 256, 56, 256)	0.50539378	0.40806824
(1, 256, 28, 512)	0.37560479	0.28076144000000003
(1, 512, 28, 512)	0.7107311900000001	0.49896291
(1, 512, 14, 512)	0.1446301	0.20749107
