workload	winograd	winograd_nnptx
(1, 64, 224, 64)	80.69781801999999	70.77339812
(1, 64, 112, 128)	45.016826280000004	42.53934297
(1, 128, 112, 128)	90.93291396	87.58714652
(1, 128, 56, 256)	45.462723159999996	43.75378455
(1, 256, 56, 256)	90.99015182000001	88.20723299000001
(1, 256, 28, 512)	45.61621388	44.1922877
(1, 512, 28, 512)	91.91707900000002	88.99563153000001
(1, 512, 14, 512)	44.619727	43.76227926
