workload	winograd	winograd_nnptx
(1, 64, 224, 64)	4.82247141	87.79723982
(1, 64, 112, 128)	2.463822	44.51899631
(1, 128, 112, 128)	4.74702801	89.626765
(1, 128, 56, 256)	2.5298482100000004	44.656528370000004
(1, 256, 56, 256)	4.9609887100000005	88.84126681
(1, 256, 28, 512)	4.30865641	72.59001043999999
(1, 512, 28, 512)	8.57299776	144.59508365
(1, 512, 14, 512)	4.7061405	47.17286742
