workload	winograd	winograd_nnptx
(1, 64, 224, 64)	0.9282374400000001	0.8822706499999999
(1, 64, 112, 128)	0.37440672	0.36881109
(1, 128, 112, 128)	0.58947983	0.5774295
(1, 128, 56, 256)	0.27204197	0.26436594
(1, 256, 56, 256)	0.46335742	0.45129068
(1, 256, 28, 512)	0.27907376	0.24099560999999997
(1, 512, 28, 512)	0.5134973	0.44288371000000004
(1, 512, 14, 512)	0.14725842	0.19577741999999998
