workload	winograd	winograd_nnptx
(1, 64, 224, 64)	6.255189249999999	8.42525236
(1, 64, 112, 128)	4.04003673	4.78352677
(1, 128, 112, 128)	7.979248559999999	9.393483080000001
(1, 128, 56, 256)	3.9813471999999996	4.71245063
(1, 256, 56, 256)	7.936245899999999	9.46886035
(1, 256, 28, 512)	4.0287440199999995	4.76309172
(1, 512, 28, 512)	8.068483520000001	9.713975430000001
(1, 512, 14, 512)	4.235033550000001	3.90177192
