workload	winograd	winograd_nnptx
(1, 64, 224, 64)	0.7697291900000001	0.78364634
(1, 64, 112, 128)	0.30620019	0.31950931
(1, 128, 112, 128)	0.44545112	0.47023497
(1, 128, 56, 256)	0.21714356	0.20991530000000003
(1, 256, 56, 256)	0.34721322	0.33241500999999996
(1, 256, 28, 512)	0.2480167	0.18650536999999998
(1, 512, 28, 512)	0.45238427	0.32498517
(1, 512, 14, 512)	0.11304682999999999	0.13183886
