workload	winograd	winograd_nnptx
(1, 64, 224, 64)	1.9216249099999998	1.90027603
(1, 64, 112, 128)	0.94183901	0.95323714
(1, 128, 112, 128)	1.91387631	1.93281207
(1, 128, 56, 256)	0.96891478	1.01326061
(1, 256, 56, 256)	1.7276318700000002	1.50307887
(1, 256, 28, 512)	1.66638153	1.3207070100000002
(1, 512, 28, 512)	3.2857410500000004	2.61354063
(1, 512, 14, 512)	1.79462672	1.40902433
