workload	winograd	winograd_nnptx
(1, 64, 224, 64)	18.50461674	28.15147166
(1, 64, 112, 128)	9.218277800000001	14.07692817
(1, 128, 112, 128)	18.3903412	21.88656692
(1, 128, 56, 256)	9.20409823	10.85771171
(1, 256, 56, 256)	18.3408615	24.37679352
(1, 256, 28, 512)	10.85883624	12.18358811
(1, 512, 28, 512)	21.87517858	24.770087240000002
(1, 512, 14, 512)	5.76984348	6.998114319999999
