workload	winograd	winograd_nnptx
(1, 64, 224, 64)	1.1627403	0.85765174
(1, 64, 112, 128)	0.41819997999999997	0.37978963
(1, 128, 112, 128)	0.60903885	0.5451995199999999
(1, 128, 56, 256)	0.38308671	0.28498557
(1, 256, 56, 256)	0.6508548000000001	0.45212212
(1, 256, 28, 512)	0.27580735	0.23336413
(1, 512, 28, 512)	0.48223376	0.41280232
(1, 512, 14, 512)	0.56724412	0.17568667
