workload	winograd	winograd_nnptx
(1, 64, 224, 64)	2.7110129	2.49125496
(1, 64, 112, 128)	0.9657358800000001	0.97352178
(1, 128, 112, 128)	1.30265552	1.31110368
(1, 128, 56, 256)	0.69961547	0.56679225
(1, 256, 56, 256)	1.07607347	0.80897053
(1, 256, 28, 512)	0.5099556199999999	0.44430731
(1, 512, 28, 512)	0.99204871	0.62279275
(1, 512, 14, 512)	0.2568274	0.26347151
