workload	winograd	winograd_nnptx
(1, 64, 224, 64)	2.7751912499999998	0.90017053
(1, 64, 112, 128)	0.87417774	8.83578942
(1, 128, 112, 128)	1.5088055699999998	16.983805630000003
(1, 128, 56, 256)	1.0337936399999998	9.374814
(1, 256, 56, 256)	1.9524823199999999	18.51768646
(1, 256, 28, 512)	0.8885465100000001	10.81732642
(1, 512, 28, 512)	1.8279991400000002	21.39364522
(1, 512, 14, 512)	1.54281934	8.00262927
