workload	winograd	winograd_nnptx
(1, 64, 224, 64)	1.4064314	1.5794428
(1, 64, 112, 128)	0.6377512500000001	0.6959491600000001
(1, 128, 112, 128)	1.0960589299999999	1.24974673
(1, 128, 56, 256)	0.52467785	0.5839735599999999
(1, 256, 56, 256)	0.9617552899999999	1.1931359400000001
(1, 256, 28, 512)	1.3727328399999998	0.8173549099999999
(1, 512, 28, 512)	2.68552293	1.5497522799999999
(1, 512, 14, 512)	0.8616559500000001	0.5769786100000001
