workload	winograd	winograd_nnptx
(1, 64, 224, 64)	48.918573880000004	9.45310989
(1, 64, 112, 128)	24.15114028	4.0485274
(1, 128, 112, 128)	46.24022831999999	8.299170680000001
(1, 128, 56, 256)	22.71527675	3.9426639299999997
(1, 256, 56, 256)	44.48837528000001	7.831949710000001
(1, 256, 28, 512)	8.002592719999999	181.38058223000002
(1, 512, 28, 512)	16.01492069	362.62133693000004
(1, 512, 14, 512)	4.86952816	66.48524035
