workload	winograd	winograd_nnptx
(1, 64, 224, 64)	5.02513558	4.566573780000001
(1, 64, 112, 128)	2.4787611700000003	2.24882865
(1, 128, 112, 128)	4.88231655	4.43575294
(1, 128, 56, 256)	2.61345909	2.27083694
(1, 256, 56, 256)	5.18010108	4.57711573
(1, 256, 28, 512)	2.6446248900000002	2.34442263
(1, 512, 28, 512)	5.26827154	4.53341052
(1, 512, 14, 512)	1.43192219	1.31946005
