workload	winograd	winograd_nnptx
(1, 64, 224, 64)	0.8863623	0.57236505
(1, 64, 112, 128)	0.29682451	0.25725745000000005
(1, 128, 112, 128)	0.47847093999999996	0.4138207
(1, 128, 56, 256)	0.31596784	0.22144534000000002
(1, 256, 56, 256)	0.56940476	0.37211084
(1, 256, 28, 512)	0.24621042	0.19694179
(1, 512, 28, 512)	0.44651897000000007	0.36836616000000005
(1, 512, 14, 512)	0.62898648	0.17157399
