workload	winograd	winograd_nnptx
(1, 64, 224, 64)	0.54718082	0.45516090000000003
(1, 64, 112, 128)	0.25641792	0.20907127000000003
(1, 128, 112, 128)	0.42071538999999997	0.34603061999999996
(1, 128, 56, 256)	0.2159054	0.17494699999999996
(1, 256, 56, 256)	0.38383199	0.30936858000000006
(1, 256, 28, 512)	0.3469575	0.2559496
(1, 512, 28, 512)	0.66795614	0.47786688000000005
(1, 512, 14, 512)	0.36688656999999997	0.27715532000000004
