workload	winograd	winograd_nnptx
(1, 64, 224, 64)	6.2766718	8.446838119999999
(1, 64, 112, 128)	3.07351986	4.16978405
(1, 128, 112, 128)	5.86309118	8.21496578
(1, 128, 56, 256)	3.9926174399999996	4.72539329
(1, 256, 56, 256)	7.95994067	9.495865530000001
(1, 256, 28, 512)	4.04047943	4.77421354
(1, 512, 28, 512)	8.07174137	9.71494511
(1, 512, 14, 512)	2.18282592	2.66477062
