workload	winograd	winograd_nnptx
(1, 64, 224, 64)	1.04279064	1.20604305
(1, 64, 112, 128)	0.49121270999999994	0.5488561799999999
(1, 128, 112, 128)	0.91095396	1.06354653
(1, 128, 56, 256)	1.3056930699999998	0.78175126
(1, 256, 56, 256)	2.53912408	1.4810934999999998
(1, 256, 28, 512)	1.47111996	0.81554224
(1, 512, 28, 512)	2.8967155300000003	1.5723521800000002
(1, 512, 14, 512)	0.84194458	0.5333522399999999
