workload	winograd	winograd_nnptx
(1, 64, 224, 64)	0.71022187	0.5879986199999999
(1, 64, 112, 128)	0.22427630999999998	0.21859251000000002
(1, 128, 112, 128)	0.35003276	0.33446758
(1, 128, 56, 256)	0.28964084	0.21160301
(1, 256, 56, 256)	0.52850205	0.37018875999999995
(1, 256, 28, 512)	0.19473289	0.19849587
(1, 512, 28, 512)	0.40706027999999994	0.43207207999999997
(1, 512, 14, 512)	0.39004698	0.17163708
