workload	winograd	winograd_nnptx
(1, 64, 224, 64)	2.79043249	2.6394883300000003
(1, 64, 112, 128)	1.00935359	1.00356714
(1, 128, 112, 128)	1.3939669700000001	1.3792401400000003
(1, 128, 56, 256)	0.6693054900000001	0.60127321
(1, 256, 56, 256)	1.0405051	0.88899225
(1, 256, 28, 512)	0.4106082	0.41441334
(1, 512, 28, 512)	0.7608345499999999	0.7780830599999999
(1, 512, 14, 512)	0.47215892000000004	0.2800608
