workload	winograd	winograd_nnptx
(1, 64, 224, 64)	1.3778364800000003	1.444292
(1, 64, 112, 128)	0.9674400099999999	0.9756165899999999
(1, 128, 112, 128)	1.9122382900000001	1.92622418
(1, 128, 56, 256)	0.97068712	1.01083335
(1, 256, 56, 256)	1.7288401800000002	1.49853386
(1, 256, 28, 512)	0.9573725299999999	0.8054847900000001
(1, 512, 28, 512)	1.8754516500000002	1.58675825
(1, 512, 14, 512)	1.01417409	0.81662736
