workload	winograd	winograd_nnptx
(1, 64, 224, 64)	0.8946055399999999	0.49932329999999997
(1, 64, 112, 128)	0.28156407000000006	0.23847263
(1, 128, 112, 128)	0.43628748	0.36479856
(1, 128, 56, 256)	0.34062216	0.23197655
(1, 256, 56, 256)	0.60190294	0.36299377
(1, 256, 28, 512)	0.24802638	0.19972507
(1, 512, 28, 512)	0.44974136	0.37357408000000003
(1, 512, 14, 512)	0.56907192	0.15405702999999998
