workload	winograd	winograd_nnptx
(1, 64, 224, 64)	0.60420088	0.59443647
(1, 64, 112, 128)	0.2501425	0.24409318
(1, 128, 112, 128)	0.46139951999999995	0.44848358
(1, 128, 56, 256)	0.20714074	0.19858852
(1, 256, 56, 256)	0.38250082999999996	0.37018348
(1, 256, 28, 512)	0.27483871	0.21680722
(1, 512, 28, 512)	0.53000457	0.41754255999999995
(1, 512, 14, 512)	0.13224625	0.18025282999999998
