workload	winograd	winograd_nnptx
(1, 64, 224, 64)	1.39942174	1.4287816199999999
(1, 64, 112, 128)	0.6623762299999999	0.69267284
(1, 128, 112, 128)	1.25669009	1.3147237999999999
(1, 128, 56, 256)	0.9833238400000001	1.2788836
(1, 256, 56, 256)	1.9494614499999998	2.08688722
(1, 256, 28, 512)	1.15556224	1.16940253
(1, 512, 28, 512)	2.28044996	2.30741144
(1, 512, 14, 512)	0.80860418	0.8254964400000001
