workload	winograd	winograd_nnptx
(1, 64, 224, 64)	0.7093102099999999	0.61169461
(1, 64, 112, 128)	0.31581033000000003	0.27658829999999995
(1, 128, 112, 128)	0.61177694	0.52957907
(1, 128, 56, 256)	0.30368129	0.27378999000000004
(1, 256, 56, 256)	0.52858528	0.46672581999999996
(1, 256, 28, 512)	0.46118736000000005	0.34227643
(1, 512, 28, 512)	0.8984875999999999	0.65282069
(1, 512, 14, 512)	0.45984365	0.2999207
