workload	winograd	winograd_nnptx
(1, 64, 224, 64)	14.3510445	12.6041329
(1, 64, 112, 128)	13.35774516	8.29839648
(1, 128, 112, 128)	26.05502622	16.128977289999998
(1, 128, 56, 256)	14.9616504	10.266048560000002
(1, 256, 56, 256)	29.78376264	20.23763767
(1, 256, 28, 512)	33.263878240000004	14.43201776
(1, 512, 28, 512)	66.26737476	28.70407938
(1, 512, 14, 512)	64.79404298000001	58.564362259999996
