workload	winograd	winograd_nnptx
(1, 64, 224, 64)	31.28251108	22.496566050000002
(1, 64, 112, 128)	13.033302710000001	7.66531017
(1, 128, 112, 128)	25.218495939999997	14.45418212
(1, 128, 56, 256)	16.96826746	20.086592109999998
(1, 256, 56, 256)	33.603584639999994	39.30605239
(1, 256, 28, 512)	9.77358718	18.94785086
(1, 512, 28, 512)	18.69527043	37.58117371
(1, 512, 14, 512)	51.41145455	32.08211636
