workload	winograd	winograd_nnptx
(1, 64, 224, 64)	0.49065424	0.49708093
(1, 64, 112, 128)	0.1824692	0.19539316
(1, 128, 112, 128)	0.31819992999999996	0.34226512000000003
(1, 128, 56, 256)	0.15158786000000002	0.14350318
(1, 256, 56, 256)	0.26617919	0.25110891
(1, 256, 28, 512)	0.24075992000000002	0.16975332999999998
(1, 512, 28, 512)	0.47053553	0.31537238
(1, 512, 14, 512)	0.09830277999999999	0.11581248
