workload	winograd	winograd_nnptx
(1, 64, 224, 64)	6.643919090000001	8.82320619
(1, 64, 112, 128)	3.21219405	4.3069524999999995
(1, 128, 112, 128)	6.03558882	8.38301839
(1, 128, 56, 256)	3.0379674600000004	4.11354565
(1, 256, 56, 256)	5.89502516	8.295560380000001
(1, 256, 28, 512)	2.98489345	4.188227309999999
(1, 512, 28, 512)	5.8564831900000005	8.16456055
(1, 512, 14, 512)	2.19979872	2.68278166
