workload	winograd	winograd_nnptx
(1, 64, 224, 64)	226.99803532	234.77542221
(1, 64, 112, 128)	113.47586207	110.19934615
(1, 128, 112, 128)	222.15334511999998	220.86224511000003
(1, 128, 56, 256)	161.29399242	214.84596215
(1, 256, 56, 256)	319.22281454	427.51045809
(1, 256, 28, 512)	167.57867298000002	339.3388977
(1, 512, 28, 512)	337.21530015	677.32119995
(1, 512, 14, 512)	101.69399682	101.73812962999999
