workload	winograd	winograd_nnptx
(1, 64, 224, 64)	48.77463621999999	9.38193681
(1, 64, 112, 128)	24.13836063	4.03495664
(1, 128, 112, 128)	46.21723782	8.2494509
(1, 128, 56, 256)	7.540746080000001	55.62994034
(1, 256, 56, 256)	15.196430759999998	109.67680254999999
(1, 256, 28, 512)	8.082466029999999	188.2667953
(1, 512, 28, 512)	16.00971001	375.16296701
(1, 512, 14, 512)	4.86959505	67.8572967
