workload	winograd	winograd_nnptx
(1, 64, 224, 64)	0.61527052	0.75010144
(1, 64, 112, 128)	0.25376887000000004	0.32394039
(1, 128, 112, 128)	0.45705139999999994	0.59757307
(1, 128, 56, 256)	0.19806539000000004	0.26873699
(1, 256, 56, 256)	0.35856054	0.4975913
(1, 256, 28, 512)	0.38135860000000005	0.31357548999999996
(1, 512, 28, 512)	0.7334398799999999	0.6075101900000001
(1, 512, 14, 512)	0.2133898	0.20237916000000003
