workload	winograd	winograd_nnptx
(1, 64, 224, 64)	0.6271118200000001	0.55063611
(1, 64, 112, 128)	0.29869369	0.26132245
(1, 128, 112, 128)	0.5508557	0.48630175
(1, 128, 56, 256)	0.27815417	0.24923203
(1, 256, 56, 256)	0.52225565	0.43102640999999997
(1, 256, 28, 512)	0.44313690000000006	0.29133496
(1, 512, 28, 512)	0.85803536	0.51317031
(1, 512, 14, 512)	0.41011494000000004	0.26936433
