workload	winograd	winograd_nnptx
(1, 64, 224, 64)	5.67888512	4.89561417
(1, 64, 112, 128)	2.8203918	2.4282099600000002
(1, 128, 112, 128)	5.44649491	4.70830793
(1, 128, 56, 256)	2.604316	2.26640971
(1, 256, 56, 256)	5.163214	4.5699366
(1, 256, 28, 512)	4.7691365	3.4010444499999997
(1, 512, 28, 512)	9.53839441	6.3224365
(1, 512, 14, 512)	4.88776405	3.45913023
