workload	winograd	winograd_nnptx
(1, 64, 224, 64)	2.00141335	2.00673467
(1, 64, 112, 128)	0.95407582	0.9587499700000001
(1, 128, 112, 128)	1.84104531	2.0522294899999998
(1, 128, 56, 256)	0.87626603	1.00653892
(1, 256, 56, 256)	1.7261319099999999	1.6419888699999998
(1, 256, 28, 512)	1.0280962	0.92714659
(1, 512, 28, 512)	2.00176532	1.82616163
(1, 512, 14, 512)	0.62442402	0.57557298
