workload	winograd	winograd_nnptx
(1, 64, 224, 64)	0.69521709	0.6296447500000001
(1, 64, 112, 128)	0.33487319000000004	0.28981395
(1, 128, 112, 128)	0.6513309700000001	0.55069789
(1, 128, 56, 256)	0.32220498000000003	0.28554789
(1, 256, 56, 256)	0.56015453	0.48971401
(1, 256, 28, 512)	0.30356190000000005	0.26256534000000004
(1, 512, 28, 512)	0.58611129	0.5084648399999999
(1, 512, 14, 512)	0.30021785	0.23232999999999998
