workload	winograd	winograd_nnptx
(1, 64, 224, 64)	49.11749891	9.743358670000001
(1, 64, 112, 128)	24.27124696	4.17305276
(1, 128, 112, 128)	46.37191996	8.43312888
(1, 128, 56, 256)	22.766144920000002	4.0095515
(1, 256, 56, 256)	44.54564244	7.920233509999999
(1, 256, 28, 512)	7.3839773	99.95038244
(1, 512, 28, 512)	14.709393310000001	198.23232777
(1, 512, 14, 512)	4.88215865	66.15299581000001
