workload	winograd	winograd_nnptx
(1, 64, 224, 64)	4.844255199999999	2.9722699400000003
(1, 64, 112, 128)	2.1505514999999997	1.2458828499999999
(1, 128, 112, 128)	3.52334847	1.77398421
(1, 128, 56, 256)	1.41141808	10.267939109999999
(1, 256, 56, 256)	2.44329801	20.10415799
(1, 256, 28, 512)	1.10405856	10.457646490000002
(1, 512, 28, 512)	2.02139061	20.61303877
(1, 512, 14, 512)	0.7753974499999999	0.9870052499999998
