workload	winograd	winograd_nnptx
(1, 64, 224, 64)	18.798762449999998	28.45341076
(1, 64, 112, 128)	9.33798269	14.19770454
(1, 128, 112, 128)	18.53497518	22.032038580000002
(1, 128, 56, 256)	9.267662920000001	10.921447559999999
(1, 256, 56, 256)	18.41730209	24.45286259
(1, 256, 28, 512)	9.32790693	11.30793031
(1, 512, 28, 512)	18.57615529	22.65971353
(1, 512, 14, 512)	5.7725845499999995	7.00055776
