workload	winograd	winograd_nnptx
(1, 64, 224, 64)	0.8696055900000002	0.87764105
(1, 64, 112, 128)	0.37106192	0.37305659
(1, 128, 112, 128)	0.5421846300000001	0.54364349
(1, 128, 56, 256)	0.31087585	0.29233064
(1, 256, 56, 256)	0.5353157	0.48365869
(1, 256, 28, 512)	0.5298475699999999	0.27337785000000003
(1, 512, 28, 512)	1.0101739200000002	0.50872029
(1, 512, 14, 512)	0.19219557	0.20839911
