workload	winograd	winograd_nnptx
(1, 64, 224, 64)	0.5891619300000001	0.5897808
(1, 64, 112, 128)	0.24637382999999996	0.24881289000000004
(1, 128, 112, 128)	0.41355728	0.41533417000000006
(1, 128, 56, 256)	0.24610178000000002	0.22539724
(1, 256, 56, 256)	0.45312697999999996	0.40259034
(1, 256, 28, 512)	0.50412642	0.24829013
(1, 512, 28, 512)	0.97643552	0.46614046
(1, 512, 14, 512)	0.17756887999999998	0.1944268
