workload	winograd	winograd_nnptx
(1, 64, 224, 64)	20.47440725	30.12256732
(1, 64, 112, 128)	9.97089747	14.83028533
(1, 128, 112, 128)	19.37706744	22.87518216
(1, 128, 56, 256)	9.58419764	11.23782293
(1, 256, 56, 256)	18.83857752	24.87524835
(1, 256, 28, 512)	9.486388360000001	11.46536117
(1, 512, 28, 512)	18.786373339999997	22.86940857
(1, 512, 14, 512)	5.26736944	7.168133129999999
