workload	winograd	winograd_nnptx
(1, 64, 224, 64)	29.13867502	20.53218423
(1, 64, 112, 128)	12.58641414	6.97079459
(1, 128, 112, 128)	24.65903258	13.61335923
(1, 128, 56, 256)	16.63963344	19.44752651
(1, 256, 56, 256)	32.87492742	38.50833099
(1, 256, 28, 512)	9.01584552	18.86887068
(1, 512, 28, 512)	17.683141850000002	37.75782858
(1, 512, 14, 512)	50.30212297	32.070450130000005
