workload	winograd	winograd_nnptx
(1, 64, 224, 64)	3.09496088	3.26054048
(1, 64, 112, 128)	1.27302309	1.33115453
(1, 128, 112, 128)	1.94311291	2.0968143500000003
(1, 128, 56, 256)	0.84217597	0.9008164799999999
(1, 256, 56, 256)	1.38645686	1.6160306999999998
(1, 256, 28, 512)	1.5345543499999998	0.9831889300000001
(1, 512, 28, 512)	2.90344811	1.77038835
(1, 512, 14, 512)	0.91671805	0.63665514
