workload	winograd	winograd_nnptx
(1, 64, 224, 64)	1.38186838	0.6836603199999999
(1, 64, 112, 128)	0.51842548	2.49627016
(1, 128, 112, 128)	0.79031894	4.708072079999999
(1, 128, 56, 256)	0.56907368	6.9989048
(1, 256, 56, 256)	1.0665576399999999	13.799711720000001
(1, 256, 28, 512)	0.44675928	1.2721368199999998
(1, 512, 28, 512)	0.81498718	2.42216562
(1, 512, 14, 512)	1.90424166	0.32787059
