workload	winograd	winograd_nnptx
(1, 64, 224, 64)	0.45286699	0.46829642
(1, 64, 112, 128)	0.20106045	0.20876054000000002
(1, 128, 112, 128)	0.29786651000000003	0.30320994999999995
(1, 128, 56, 256)	0.35098207	0.19652064000000002
(1, 256, 56, 256)	0.6317331599999999	0.32426142999999996
(1, 256, 28, 512)	0.33088963	0.17727275
(1, 512, 28, 512)	0.6450100999999999	0.31080752
(1, 512, 14, 512)	0.18702028999999998	0.19669335999999998
