workload	winograd	winograd_nnptx
(1, 64, 224, 64)	2.5894428800000004	2.5653126
(1, 64, 112, 128)	1.01763559	1.0052571000000001
(1, 128, 112, 128)	1.44355175	1.42573764
(1, 128, 56, 256)	0.59330607	0.5849230599999999
(1, 256, 56, 256)	0.89276089	0.8799565800000001
(1, 256, 28, 512)	0.44620065000000003	0.40825038
(1, 512, 28, 512)	0.86420179	0.71056866
(1, 512, 14, 512)	0.21450127	0.26978573
