workload	winograd	winograd_nnptx
(1, 64, 224, 64)	19.04214	17.16457167
(1, 64, 112, 128)	9.44850565	8.5208734
(1, 128, 112, 128)	18.58808222	17.034405699999997
(1, 128, 56, 256)	9.27123021	8.45972465
(1, 256, 56, 256)	18.430536970000002	16.71784942
(1, 256, 28, 512)	9.216000300000001	8.44791145
(1, 512, 28, 512)	18.356930050000003	16.968391330000003
(1, 512, 14, 512)	5.47477487	4.70656685
