workload	winograd	winograd_nnptx
(1, 64, 224, 64)	0.6252719700000001	0.62287286
(1, 64, 112, 128)	0.25292588	0.25098075999999997
(1, 128, 112, 128)	0.46511089	0.46097158
(1, 128, 56, 256)	0.24114182	0.29788948
(1, 256, 56, 256)	0.49252705	0.4143692
(1, 256, 28, 512)	0.33567894	0.25125000000000003
(1, 512, 28, 512)	0.63987552	0.48568637
(1, 512, 14, 512)	0.14098362	0.1997291
