workload	winograd	winograd_nnptx
(1, 64, 224, 64)	1.02258173	1.1859114499999999
(1, 64, 112, 128)	1.30509225	0.8309964400000001
(1, 128, 112, 128)	2.51568899	1.54326506
(1, 128, 56, 256)	1.3045923000000001	0.7807459099999999
(1, 256, 56, 256)	2.5350021000000003	1.47641029
(1, 256, 28, 512)	1.46887317	0.81474543
(1, 512, 28, 512)	2.8944671399999997	1.57147995
(1, 512, 14, 512)	1.3709335599999999	0.83597427
