workload	winograd	winograd_nnptx
(1, 64, 224, 64)	59.11390508	103.08768371
(1, 64, 112, 128)	29.72773132	51.13079879
(1, 128, 112, 128)	58.627874430000006	101.0947194
(1, 128, 56, 256)	51.42206705	83.36461627999999
(1, 256, 56, 256)	103.29292942	165.55309355999998
(1, 256, 28, 512)	46.262836529999994	81.02399106
(1, 512, 28, 512)	92.14875343	161.25780426
(1, 512, 14, 512)	23.915015219999997	36.108860130000004
