workload	winograd	winograd_nnptx
(1, 64, 224, 64)	0.72600835	0.70021091
(1, 64, 112, 128)	0.30992950999999996	0.29652844000000006
(1, 128, 112, 128)	0.58083967	0.5553601100000001
(1, 128, 56, 256)	0.25352357999999997	0.24150991
(1, 256, 56, 256)	0.47844865999999997	0.45161587000000003
(1, 256, 28, 512)	0.29860218	0.25497567
(1, 512, 28, 512)	0.5707894899999999	0.49341077999999994
(1, 512, 14, 512)	0.18759754999999997	0.17777972
