workload	winograd	winograd_nnptx
(1, 64, 224, 64)	3.92527781	3.9451891900000002
(1, 64, 112, 128)	1.68956479	1.70369359
(1, 128, 112, 128)	2.80358167	3.03388461
(1, 128, 56, 256)	1.2572470699999998	1.38730071
(1, 256, 56, 256)	2.2249955900000002	2.11272297
(1, 256, 28, 512)	1.10726536	1.04700476
(1, 512, 28, 512)	2.075575	1.9611691
(1, 512, 14, 512)	0.63153724	0.59980869
