workload	winograd	winograd_nnptx
(1, 64, 224, 64)	15.014925960000001	2.17765315
(1, 64, 112, 128)	7.32921893	1.03560488
(1, 128, 112, 128)	13.845063820000002	1.8928093600000002
(1, 128, 56, 256)	1.21042735	18.27107461
(1, 256, 56, 256)	2.3070365300000004	36.2219841
(1, 256, 28, 512)	3.04564598	61.047858899999994
(1, 512, 28, 512)	6.098096770000001	121.71009343
(1, 512, 14, 512)	0.90172409	4.30873582
