workload	winograd	winograd_nnptx
(1, 64, 224, 64)	5.39141349	4.94167164
(1, 64, 112, 128)	2.62591497	2.39734792
(1, 128, 112, 128)	5.06971148	4.62485692
(1, 128, 56, 256)	2.51076925	2.39231113
(1, 256, 56, 256)	4.92808268	4.48344714
(1, 256, 28, 512)	2.36218741	2.1524493500000004
(1, 512, 28, 512)	4.67058687	4.71252316
(1, 512, 14, 512)	1.4497134	1.33693386
