workload	winograd	winograd_nnptx
(1, 64, 224, 64)	3.7385229900000003	4.97548308
(1, 64, 112, 128)	3.68832222	2.95288192
(1, 128, 112, 128)	7.2009249099999995	5.61639375
(1, 128, 56, 256)	3.65388572	2.84292652
(1, 256, 56, 256)	7.19227976	5.54756216
(1, 256, 28, 512)	3.77781584	3.7608255699999997
(1, 512, 28, 512)	7.49968738	7.39496169
(1, 512, 14, 512)	3.76653729	2.71366459
