workload	winograd	winograd_nnptx
(1, 64, 224, 64)	1.1045603800000001	0.68995874
(1, 64, 112, 128)	0.28593068	0.24797026999999996
(1, 128, 112, 128)	0.46305409999999997	0.39196071
(1, 128, 56, 256)	0.28626457	0.2126942
(1, 256, 56, 256)	0.52195936	0.36856244000000005
(1, 256, 28, 512)	0.40117338	0.29938666999999997
(1, 512, 28, 512)	0.7700330599999999	0.56852808
(1, 512, 14, 512)	0.65067514	0.39033043000000006
