workload	winograd	winograd_nnptx
(1, 64, 224, 64)	18.638316130000003	16.71995555
(1, 64, 112, 128)	10.43457272	9.19893617
(1, 128, 112, 128)	20.90130811	17.88482645
(1, 128, 56, 256)	10.46913298	9.01300724
(1, 256, 56, 256)	20.88572032	17.99654217
(1, 256, 28, 512)	10.497568260000001	8.97401351
(1, 512, 28, 512)	21.01683668	17.72405532
(1, 512, 14, 512)	10.850479900000002	7.22182751
