workload	winograd	winograd_nnptx
(1, 64, 224, 64)	0.60686515	0.5621493000000001
(1, 64, 112, 128)	0.28193007	0.25720918
(1, 128, 112, 128)	0.4891730899999999	0.44788445000000005
(1, 128, 56, 256)	0.26049808	0.23210314999999998
(1, 256, 56, 256)	0.51122903	0.41710983
(1, 256, 28, 512)	0.48000139999999997	0.30844833
(1, 512, 28, 512)	0.93058286	0.5896939600000001
(1, 512, 14, 512)	0.45462497999999996	0.40492712999999997
