workload	winograd	winograd_nnptx
(1, 64, 224, 64)	2.64210371	1.70177711
(1, 64, 112, 128)	1.30618622	0.83467531
(1, 128, 112, 128)	2.51714239	1.5482104399999999
(1, 128, 56, 256)	1.3027549999999999	0.78393671
(1, 256, 56, 256)	2.53435479	1.48079822
(1, 256, 28, 512)	2.4396562999999998	1.37129317
(1, 512, 28, 512)	4.79819224	2.6663361400000003
(1, 512, 14, 512)	2.34717099	1.38132574
