workload	winograd	winograd_nnptx
(1, 64, 224, 64)	1.76959519	1.79790863
(1, 64, 112, 128)	0.80975277	0.8401311499999999
(1, 128, 112, 128)	1.4428870999999999	1.50541076
(1, 128, 56, 256)	0.93857604	1.1565205
(1, 256, 56, 256)	1.83207435	1.9393663300000001
(1, 256, 28, 512)	1.08973798	1.13773996
(1, 512, 28, 512)	2.12882185	2.21306905
(1, 512, 14, 512)	0.82904091	0.8455929299999999
