workload	winograd	winograd_nnptx
(1, 64, 224, 64)	2.8372108899999997	0.9220766699999999
(1, 64, 112, 128)	1.36429025	0.46838216
(1, 128, 112, 128)	2.48925353	0.7416410900000001
(1, 128, 56, 256)	1.03744727	9.498564759999999
(1, 256, 56, 256)	1.9576444000000002	18.706344360000003
(1, 256, 28, 512)	0.89043697	10.84614811
(1, 512, 28, 512)	1.8258949999999998	21.56698734
(1, 512, 14, 512)	0.7039786800000001	0.90517485
