workload	winograd	winograd_nnptx
(1, 64, 224, 64)	2.61325119	2.59288958
(1, 64, 112, 128)	1.0281393399999998	1.01085588
(1, 128, 112, 128)	1.44647732	1.43643667
(1, 128, 56, 256)	0.63160061	0.6882784
(1, 256, 56, 256)	1.01361182	0.9337218
(1, 256, 28, 512)	0.5375630199999999	0.4623829
(1, 512, 28, 512)	1.06329389	0.80029228
(1, 512, 14, 512)	0.21837835	0.2829948
