workload	winograd	winograd_nnptx
(1, 64, 224, 64)	3.45472839	3.4854440399999995
(1, 64, 112, 128)	1.4465339299999997	1.4770244900000002
(1, 128, 112, 128)	2.2923071399999997	2.35228587
(1, 128, 56, 256)	1.27914267	1.4778779
(1, 256, 56, 256)	2.26127752	2.37189906
(1, 256, 28, 512)	1.2607315199999998	1.3093019
(1, 512, 28, 512)	2.3561993200000004	2.44988201
(1, 512, 14, 512)	0.8936786600000001	0.91140587
