workload	winograd	winograd_nnptx
(1, 64, 224, 64)	18.75980242	16.873906839999997
(1, 64, 112, 128)	9.32462421	8.395436609999999
(1, 128, 112, 128)	18.45776656	16.90429218
(1, 128, 56, 256)	9.20532856	8.393117700000001
(1, 256, 56, 256)	18.34874679	16.63690226
(1, 256, 28, 512)	10.535500749999999	9.00345692
(1, 512, 28, 512)	21.08231815	17.77881078
(1, 512, 14, 512)	5.460313080000001	4.691807379999999
