workload	winograd	winograd_nnptx
(1, 64, 224, 64)	0.55125457	0.5386406699999999
(1, 64, 112, 128)	0.29937938000000003	0.2579449
(1, 128, 112, 128)	0.5531501	0.48389835
(1, 128, 56, 256)	0.27992612	0.24628532000000003
(1, 256, 56, 256)	0.52487753	0.42871837
(1, 256, 28, 512)	0.30281128999999996	0.24164404
(1, 512, 28, 512)	0.59336439	0.47006428000000006
(1, 512, 14, 512)	0.28547887000000005	0.22025765
