workload	winograd	winograd_nnptx
(1, 64, 224, 64)	1.50383335	1.38640392
(1, 64, 112, 128)	0.69862153	0.63946486
(1, 128, 112, 128)	1.3502779400000002	1.2368622
(1, 128, 56, 256)	0.6426947500000001	0.5915242399999999
(1, 256, 56, 256)	1.2527319000000001	1.13852923
(1, 256, 28, 512)	0.70978235	0.60670761
(1, 512, 28, 512)	1.3882222899999999	1.1899640699999998
(1, 512, 14, 512)	0.43790639000000003	0.37882741
