workload	winograd	winograd_nnptx
(1, 64, 224, 64)	0.40775009	0.41178462
(1, 64, 112, 128)	0.15906505	0.17167562
(1, 128, 112, 128)	0.2584021	0.2826467
(1, 128, 56, 256)	0.19140142999999998	0.1523041
(1, 256, 56, 256)	0.34033547999999997	0.27115830999999996
(1, 256, 28, 512)	0.22838651000000001	0.18697238000000002
(1, 512, 28, 512)	0.51489674	0.3546747
(1, 512, 14, 512)	0.106975	0.12268473
