workload	winograd	winograd_nnptx
(1, 64, 224, 64)	23.33535531	13.406252949999999
(1, 64, 112, 128)	9.096476359999999	6.88250645
(1, 128, 112, 128)	17.9689614	13.360994159999999
(1, 128, 56, 256)	16.52390982	20.251091369999997
(1, 256, 56, 256)	32.907814540000004	40.032138929999995
