workload	winograd	winograd_nnptx
(1, 64, 224, 64)	1.38020371	1.4090325000000001
(1, 64, 112, 128)	0.97632104	1.23407985
(1, 128, 112, 128)	1.85855258	2.40724766
(1, 128, 56, 256)	0.9816074499999999	1.27876251
(1, 256, 56, 256)	1.94701604	2.08336851
(1, 256, 28, 512)	1.1543304	1.16898282
(1, 512, 28, 512)	2.2779181	2.30694312
(1, 512, 14, 512)	1.22106041	1.2446657399999999
