workload	winograd	winograd_nnptx
(1, 64, 224, 64)	1.99901931	2.49360576
(1, 64, 112, 128)	0.9768502599999999	1.2385927200000002
(1, 128, 112, 128)	1.86166199	2.41351209
(1, 128, 56, 256)	0.9811507899999999	1.2817223899999999
(1, 256, 56, 256)	1.94527437	2.08721941
(1, 256, 28, 512)	1.90441214	1.9199965799999998
(1, 512, 28, 512)	3.7604469000000003	3.78357023
(1, 512, 14, 512)	2.08066361	2.1692782999999998
