workload	winograd	winograd_nnptx
(1, 64, 224, 64)	26.96954126	14.785287519999999
(1, 64, 112, 128)	10.737547839999998	17.20739257
(1, 128, 112, 128)	21.44568472	33.76274031
(1, 128, 56, 256)	18.57765752	18.55640675
(1, 256, 56, 256)	36.55932208	36.85890996
