workload	winograd	winograd_nnptx
(1, 64, 224, 64)	3.1527851	1.29004507
(1, 64, 112, 128)	1.5098337499999999	0.6098898700000001
(1, 128, 112, 128)	2.67737847	0.92527008
(1, 128, 56, 256)	1.08692211	9.94411539
(1, 256, 56, 256)	2.00501559	19.65272187
(1, 256, 28, 512)	0.92830193	10.26084815
(1, 512, 28, 512)	1.7760079100000001	20.40731175
(1, 512, 14, 512)	0.71966048	0.9232048399999999
