workload	winograd	winograd_nnptx
(1, 64, 224, 64)	2.52229441	2.45905288
(1, 64, 112, 128)	0.94276761	0.9483591600000001
(1, 128, 112, 128)	1.2878084200000002	1.3017221600000002
(1, 128, 56, 256)	0.5764957	0.5491955700000001
(1, 256, 56, 256)	0.8514034500000001	0.7947273800000001
(1, 256, 28, 512)	0.44845904999999997	0.43246363000000004
(1, 512, 28, 512)	0.85136235	0.6324148799999999
(1, 512, 14, 512)	0.17324986	0.20241065999999996
