workload	winograd	winograd_nnptx
(1, 64, 224, 64)	0.6694165400000001	0.48917063
(1, 64, 112, 128)	0.34391832	0.24271114000000002
(1, 128, 112, 128)	0.5610794	0.3593419
(1, 128, 56, 256)	0.34753884	0.20024162000000004
(1, 256, 56, 256)	0.6286738999999999	0.32997795
(1, 256, 28, 512)	0.51659086	0.29097532
(1, 512, 28, 512)	0.9973080099999999	0.49435850000000003
(1, 512, 14, 512)	0.46943463999999996	0.29412074
