workload	winograd	winograd_nnptx
(1, 64, 224, 64)	3.21698692	1.00144838
(1, 64, 112, 128)	1.06794144	0.42406560000000004
(1, 128, 112, 128)	1.9616667300000001	0.63505812
(1, 128, 56, 256)	0.58537104	7.431218739999999
(1, 256, 56, 256)	1.0867870000000002	14.614504960000001
(1, 256, 28, 512)	0.53014389	1.9787914300000002
(1, 512, 28, 512)	0.99608979	3.84354254
(1, 512, 14, 512)	2.05922423	0.49563398
