workload	winograd	winograd_nnptx
(1, 64, 224, 64)	1.32999822	0.7116421700000001
(1, 64, 112, 128)	0.5627707700000001	2.5105281
(1, 128, 112, 128)	0.8783308200000001	4.770446369999999
(1, 128, 56, 256)	0.6212248199999999	6.5766723
(1, 256, 56, 256)	1.1242627900000002	12.99090133
(1, 256, 28, 512)	0.48357637000000003	1.21826495
(1, 512, 28, 512)	0.88945015	2.32981997
(1, 512, 14, 512)	1.90989392	0.33188711000000004
