workload	winograd	winograd_nnptx
(1, 64, 224, 64)	14.922693680000002	2.07379519
(1, 64, 112, 128)	2.45832223	43.778395339999996
(1, 128, 112, 128)	4.7483961400000005	87.95794755
(1, 128, 56, 256)	2.5284375	43.859504359999995
(1, 256, 56, 256)	4.957194070000001	87.27692640000001
(1, 256, 28, 512)	3.04282662	60.601561090000004
(1, 512, 28, 512)	6.10072825	120.97316556000001
(1, 512, 14, 512)	3.15693569	33.012288600000005
