workload	winograd	winograd_nnptx
(1, 64, 224, 64)	4.596310379999999	0.97959207
(1, 64, 112, 128)	1.06131245	0.44593391000000004
(1, 128, 112, 128)	1.96127633	0.66792374
(1, 128, 56, 256)	0.58122725	7.28761758
(1, 256, 56, 256)	1.0836420999999998	14.343908249999998
(1, 256, 28, 512)	0.92589339	11.39796855
(1, 512, 28, 512)	1.71412445	22.623872440000003
(1, 512, 14, 512)	2.04906233	0.49630142000000005
