workload	winograd	winograd_nnptx
(1, 64, 224, 64)	0.81274737	0.46758715
(1, 64, 112, 128)	0.32775498999999997	0.24673563999999998
(1, 128, 112, 128)	0.50509462	0.37685630999999997
(1, 128, 56, 256)	0.32238968	0.22092720999999998
(1, 256, 56, 256)	0.5683079900000001	0.34307189000000005
(1, 256, 28, 512)	0.23495067000000003	0.18815621000000002
(1, 512, 28, 512)	0.42743771	0.35352798999999996
(1, 512, 14, 512)	0.53816776	0.14762735000000002
