workload	winograd	winograd_nnptx
(1, 64, 224, 64)	4.94274652	4.69706398
(1, 64, 112, 128)	2.3844277	2.2611222599999996
(1, 128, 112, 128)	4.81597979	4.57293422
(1, 128, 56, 256)	2.99128875	2.8297917500000005
(1, 256, 56, 256)	5.172203239999999	4.54125628
(1, 256, 28, 512)	2.6457778700000003	2.31037063
(1, 512, 28, 512)	5.2479163600000005	4.57670586
(1, 512, 14, 512)	1.4431234200000003	1.4317838999999999
