workload	winograd	winograd_nnptx
(1, 64, 224, 64)	1.38162334	1.90077909
(1, 64, 112, 128)	0.6544195	0.91376562
(1, 128, 112, 128)	1.2409875099999998	1.7455835599999998
(1, 128, 56, 256)	1.2234279700000001	1.16837677
(1, 256, 56, 256)	2.39703108	2.15592956
(1, 256, 28, 512)	1.25794348	1.1289105000000001
(1, 512, 28, 512)	2.4891083	2.2295628100000005
(1, 512, 14, 512)	0.78092802	0.7438326100000001
