workload	winograd	winograd_nnptx
(1, 64, 224, 64)	0.83039116	0.85385871
(1, 64, 112, 128)	0.32975619999999994	0.33900647999999994
(1, 128, 112, 128)	0.45381742	0.46340426999999995
(1, 128, 56, 256)	0.37558358	0.24183532
(1, 256, 56, 256)	0.6431243400000001	0.37084944000000003
(1, 256, 28, 512)	0.33460179	0.2066205
(1, 512, 28, 512)	0.60895665	0.34410323000000004
(1, 512, 14, 512)	0.18763871000000001	0.19139798
