workload	winograd	winograd_nnptx
(1, 64, 224, 64)	3.39165245	1.3712015999999998
(1, 64, 112, 128)	1.21917158	0.57355631
(1, 128, 112, 128)	2.15501854	0.8269456799999999
(1, 128, 56, 256)	0.6654298599999999	7.53632975
(1, 256, 56, 256)	1.20188649	14.72398419
(1, 256, 28, 512)	0.57195188	2.00474199
(1, 512, 28, 512)	1.0535125600000002	3.8795325600000004
(1, 512, 14, 512)	2.11216078	0.5462731399999999
