workload	winograd	winograd_nnptx
(1, 64, 224, 64)	0.7936471100000001	0.67311817
(1, 64, 112, 128)	0.24896487	0.24332392000000003
(1, 128, 112, 128)	0.40748638	0.39387685999999994
(1, 128, 56, 256)	0.27131646	0.20379002999999998
(1, 256, 56, 256)	0.5045676099999999	0.35439747000000005
(1, 256, 28, 512)	0.20675010000000002	0.20615925000000002
(1, 512, 28, 512)	0.37234703	0.38978524999999997
(1, 512, 14, 512)	0.33998733000000003	0.15330319
