workload	winograd	winograd_nnptx
(1, 64, 224, 64)	16.97857253	4.1524469900000005
(1, 64, 112, 128)	8.08051146	1.7976440599999999
(1, 128, 112, 128)	14.83741167	2.87187066
(1, 128, 56, 256)	1.59709935	18.67293548
(1, 256, 56, 256)	2.81938674	36.84717505
(1, 256, 28, 512)	2.6954025199999996	50.680137890000005
(1, 512, 28, 512)	5.202100229999999	101.00729360000001
(1, 512, 14, 512)	0.9517869099999999	4.1991043900000005
