workload	winograd	winograd_nnptx
(1, 64, 224, 64)	2.89796509	0.9805181100000001
(1, 64, 112, 128)	1.06342669	0.44362666000000006
(1, 128, 112, 128)	1.9629311299999996	0.66678888
(1, 128, 56, 256)	0.58368773	7.43140657
(1, 256, 56, 256)	1.08336049	14.60702849
(1, 256, 28, 512)	0.52898569	1.9726020499999997
(1, 512, 28, 512)	0.99536094	3.84057784
(1, 512, 14, 512)	2.0619505499999997	0.49551934
