workload	winograd	winograd_nnptx
(1, 64, 224, 64)	2.58476581	2.71922275
(1, 64, 112, 128)	1.01367605	1.08398166
(1, 128, 112, 128)	1.43194858	1.5729394399999999
(1, 128, 56, 256)	0.58181589	0.6530870099999999
(1, 256, 56, 256)	0.86247457	1.00147161
(1, 256, 28, 512)	0.5466885	0.48387906
(1, 512, 28, 512)	1.0509763699999999	0.9243760400000001
(1, 512, 14, 512)	0.31711667	0.32084449000000004
