workload	winograd	winograd_nnptx
(1, 64, 224, 64)	2.45955113	2.46655621
(1, 64, 112, 128)	0.9423896099999999	0.95538718
(1, 128, 112, 128)	1.2933266700000001	1.3189811400000002
(1, 128, 56, 256)	0.53731054	0.5304897
(1, 256, 56, 256)	0.7754731	0.76102326
(1, 256, 28, 512)	0.41501032000000004	0.36207551
(1, 512, 28, 512)	0.78754087	0.55312896
(1, 512, 14, 512)	0.16821585	0.18783811
