workload	winograd	winograd_nnptx
(1, 64, 224, 64)	1.98608356	0.71856012
(1, 64, 112, 128)	0.69860203	6.766189740000001
(1, 128, 112, 128)	1.12306942	13.194996260000002
(1, 128, 56, 256)	0.56593361	7.031492999999999
(1, 256, 56, 256)	1.04205935	13.885799590000001
(1, 256, 28, 512)	0.9417999100000001	11.230364459999999
(1, 512, 28, 512)	1.79738485	22.32654032
(1, 512, 14, 512)	1.97993869	10.04683904
