workload	winograd	winograd_nnptx
(1, 64, 224, 64)	0.40627925000000004	0.40824621
(1, 64, 112, 128)	0.16295394000000002	0.16801231
(1, 128, 112, 128)	0.25745585000000004	0.26960305
(1, 128, 56, 256)	0.19761998	0.15941116000000002
(1, 256, 56, 256)	0.35251668999999997	0.28009873
(1, 256, 28, 512)	0.23461010000000002	0.18701493
(1, 512, 28, 512)	0.51130948	0.35336159
(1, 512, 14, 512)	0.10440809	0.1341996
