workload	winograd	winograd_nnptx
(1, 64, 224, 64)	2.55890652	2.55999219
(1, 64, 112, 128)	1.00697318	1.0086876500000002
(1, 128, 112, 128)	1.38903778	1.39163723
(1, 128, 56, 256)	0.63144657	0.6117226600000001
(1, 256, 56, 256)	0.9626573700000001	0.91092732
(1, 256, 28, 512)	0.69585762	0.44026981
(1, 512, 28, 512)	1.44483218	0.77976263
(1, 512, 14, 512)	0.24780829000000001	0.27155069000000004
