workload	winograd	winograd_nnptx
(1, 64, 224, 64)	3.00319253	1.08653894
(1, 64, 112, 128)	1.0949629	0.45060905999999995
(1, 128, 112, 128)	2.0298342099999998	0.7038266799999999
(1, 128, 56, 256)	0.5928644000000001	7.46605846
(1, 256, 56, 256)	1.10955647	14.63286018
(1, 256, 28, 512)	0.5422161999999999	1.9782244299999998
(1, 512, 28, 512)	1.01539511	3.8584676
(1, 512, 14, 512)	2.0662404000000003	0.5033812599999999
