workload	winograd	winograd_nnptx
(1, 64, 224, 64)	80.88537035	71.01680603
(1, 64, 112, 128)	40.36995548	35.45256685
(1, 128, 112, 128)	80.89024326	69.62737497
(1, 128, 56, 256)	40.3836059	34.79308752
(1, 256, 56, 256)	80.70128163999999	69.48560857999999
(1, 256, 28, 512)	40.27271564000001	34.705695920000004
(1, 512, 28, 512)	80.96141141	69.38910223
(1, 512, 14, 512)	23.31772509	22.33111717
