workload	winograd	winograd_nnptx
(1, 64, 224, 64)	3.8421089200000003	5.08195414
(1, 64, 112, 128)	1.9035688100000001	2.48962825
(1, 128, 112, 128)	3.63483046	4.75550291
(1, 128, 56, 256)	1.82656814	2.36697303
(1, 256, 56, 256)	3.5294742699999997	4.65049011
(1, 256, 28, 512)	3.79041007	3.76665192
(1, 512, 28, 512)	7.516071330000001	7.40585732
(1, 512, 14, 512)	2.18000876	1.84693441
