workload	winograd	winograd_nnptx
(1, 64, 224, 64)	0.56069237	0.72196328
(1, 64, 112, 128)	0.40725188	0.35059063
(1, 128, 112, 128)	0.73450819	0.6150088100000001
(1, 128, 56, 256)	0.35442675999999995	0.31536672000000004
(1, 256, 56, 256)	0.6653870000000001	0.56587511
(1, 256, 28, 512)	0.37086613999999996	0.30577933
(1, 512, 28, 512)	0.7163246500000001	0.59471188
(1, 512, 14, 512)	0.3588889	0.33196584
