workload	winograd	winograd_nnptx
(1, 64, 224, 64)	4.967093950000001	3.05327855
(1, 64, 112, 128)	1.86907692	1.22388095
(1, 128, 112, 128)	3.0307562399999997	1.70259975
(1, 128, 56, 256)	1.0159392500000002	7.88639232
(1, 256, 56, 256)	1.69019344	15.2135512
(1, 256, 28, 512)	0.7471865099999999	2.1804281899999998
(1, 512, 28, 512)	1.2981522300000001	4.119748810000001
(1, 512, 14, 512)	2.2737307700000002	0.70838356
