workload	winograd	winograd_nnptx
(1, 64, 224, 64)	331.07600972	643.0833902300001
(1, 64, 112, 128)	169.78983277	326.34876677999995
(1, 128, 112, 128)	336.85208731000006	648.24674829
(1, 128, 56, 256)	171.36139872	334.54711732
(1, 256, 56, 256)	346.05740495	666.386165
(1, 256, 28, 512)	181.67411521	343.86169746999997
(1, 512, 28, 512)	361.67846390999995	684.79123465
(1, 512, 14, 512)	140.94940673	362.80044508000003
