workload	winograd	winograd_nnptx
(1, 64, 224, 64)	224.95745420999998	232.71011313999998
(1, 64, 112, 128)	112.66923519000001	109.43673776000001
(1, 128, 112, 128)	221.07311856	219.8233689
(1, 128, 56, 256)	171.93133024000002	334.32689713999997
(1, 256, 56, 256)	344.83954893000003	665.88030534
(1, 256, 28, 512)	170.10536989	340.93123955000004
(1, 512, 28, 512)	339.13377689000004	680.18256022
(1, 512, 14, 512)	103.23840327999999	100.18585283
