workload	winograd	winograd_nnptx
(1, 64, 224, 64)	4.85604863	4.62215358
(1, 64, 112, 128)	2.39132767	2.26840483
(1, 128, 112, 128)	4.79131095	4.54936877
(1, 128, 56, 256)	2.38927992	2.2906922699999996
(1, 256, 56, 256)	4.675256589999999	4.25453487
(1, 256, 28, 512)	2.65278978	2.31539787
(1, 512, 28, 512)	5.25677404	4.58235461
(1, 512, 14, 512)	1.4462584500000002	1.4333823900000002
