workload	winograd	winograd_nnptx
(1, 64, 224, 64)	0.39238228	0.40608531000000003
(1, 64, 112, 128)	0.25072785999999997	0.21336245999999998
(1, 128, 112, 128)	0.41016624	0.34825490000000003
(1, 128, 56, 256)	0.22333906	0.17899953999999998
(1, 256, 56, 256)	0.39728973	0.31334754000000004
(1, 256, 28, 512)	0.26963899	0.18331568
(1, 512, 28, 512)	0.51094893	0.35370068
(1, 512, 14, 512)	0.23326527	0.19302352
