workload	winograd	winograd_nnptx
(1, 64, 224, 64)	5.00538901	4.54662942
(1, 64, 112, 128)	2.82663345	2.42994745
(1, 128, 112, 128)	5.45575601	4.71262038
(1, 128, 56, 256)	2.61304547	2.27057978
(1, 256, 56, 256)	5.176454489999999	4.57360579
(1, 256, 28, 512)	2.63679836	2.3388879300000003
(1, 512, 28, 512)	5.25565401	4.5220088
(1, 512, 14, 512)	2.59434914	2.0461945
