workload	winograd	winograd_nnptx
(1, 64, 224, 64)	2.8518446099999997	2.5395658
(1, 64, 112, 128)	1.05742807	1.01959951
(1, 128, 112, 128)	1.46477325	1.39990841
(1, 128, 56, 256)	0.71337553	0.61849924
(1, 256, 56, 256)	1.10640528	0.9065655
(1, 256, 28, 512)	0.45106451999999997	0.40803865
(1, 512, 28, 512)	0.83874043	0.6949455999999999
(1, 512, 14, 512)	0.6565726900000001	0.2678543
